"crown-diameter","tree-height","trunk-diameter","basal-area","pl"
3.34,20.13,29.5,0.0683492751696629,1
3.5,22.67,32.4,0.0824479576008105,1
3.83,23.5,39,0.119459060652752,1
3.43,22.8,24.7,0.0479163565507149,1
3.725,21.15,28.6,0.0642424281732577,1
4.14,24.55,30,0.0706858347057703,1
3.65,21.31,29.45,0.0681177790610015,1
2.75,18.52,20.5,0.0330063578167778,1
3.29,20.93,25.55,0.0512709884561263,1
3.1,20.91,26.5,0.0551545860245858,1
2.4,20.39,20.05,0.0315732025181183,1
2.75,18.69,25.15,0.0496782009807562,1
2.555,17.39,23.95,0.0450506350020185,1
3.165,16.89,27.7,0.0602628156793228,1
3.51,17.02,33,0.0855298599939821,1
2.37,15.36,25.25,0.0500740416551086,1
4.52,17.53,34,0.090792027688745,1
2.61,15.23,24.7,0.0479163565507149,1
3.54,15.8,29.45,0.0681177790610015,1
3.1,16,26.25,0.0541188421966054,1
1.28,13.33,18.75,0.0276116541819415,1
2.8,14.31,26.5,0.0551545860245858,1
2.825,14.86,27.05,0.0574677799653321,1
2.07,12.34,19.3,0.0292552961883916,1
2.555,14.04,25.5,0.0510705155749191,1
3.65,12.25,20.4,0.0326851299679482,1
3.45,15.93,21.75,0.0371542418672205,1
2.37,13.69,18.55,0.027025747152047,1
2.515,12.23,14.85,0.0173197966487814,1
1.595,14.08,18.3,0.0263021990940171,1
2.8,18.88,20.3,0.0323654729154454,1
1.595,16.82,15.3,0.0183853856069709,1
2.8,18.99,21.25,0.035465635815916,1
2.75,20.59,24.45,0.0469512985574403,1
2.265,17.78,17.3,0.0235061816323222,1
2.485,19.05,25.25,0.0500740416551086,1
2.31,18.94,18.75,0.0276116541819415,1
1.71,17.84,17.15,0.0231003271313866,1
2.31,18.97,22.75,0.0406492636943392,1
1.31,16.59,12.65,0.0125681377602268,1
1.83,18.75,18.95,0.0282038443971432,1
1.83,17.12,17.75,0.0247449508855409,1
1.85,19.18,19.2,0.0289529178954835,1
3,18.62,24.75,0.0481105462466149,1
2.205,19.17,20.5,0.0330063578167778,1
2.31,17.88,21.05,0.0348011889696818,1
2.4,18.28,18.2,0.0260155287643771,1
2.265,17.15,21.85,0.0374966754664618,1
2.8,19.68,19.65,0.0303259902346431,1
1.71,16.89,13.7,0.0147411381288067,1
2.8,19.77,26.6,0.0555716324493499,1
2.31,17.94,20.15,0.031888932579804,1
2.07,17.48,21.15,0.0351326269946355,1
2.515,18.86,21.2,0.0352989350557349,1
2.265,18.12,21.2,0.0352989350557349,1
1.83,12.55,14.95,0.0175538453014738,1
3.045,13.98,23.15,0.0420912547223369,1
2.825,12.94,24.7,0.0479163565507149,1
2.5,13.22,15.65,0.0192361681674712,1
2.825,14.48,17.3,0.0235061816323222,1
1.595,13.38,18.3,0.0263021990940171,1
2.825,14.65,21.8,0.0373252623173003,1
3.045,15.72,26.3,0.0543252055640381,1
3.045,12.9,23.6,0.0437435361085843,1
2.155,12.23,14.05,0.0155039560950065,1
2.515,13.84,18.05,0.0255884685130297,1
1.83,10.95,15,0.0176714586764426,1
2.86,15.14,24.85,0.0485001037356601,1
2.71,12.41,11.95,0.0112156821228564,1
1.665,11.58,13.9,0.0151746779150021,1
1.31,12.2,15.15,0.0180266549958391,1
1.5,13.81,18.2,0.0260155287643771,1
1.15,13.66,9.25,0.00672006303556942,1
1.595,14.18,14.95,0.0175538453014738,1
5.6,27.37,44.85,0.157984607713264,1
1.85,18.25,20.2,0.0320473866592695,1
2.07,14.24,17,0.0226980069221863,1
2.07,16.71,14.8,0.0172033613710577,1
3.45,18.78,26.55,0.055362912887427,1
2.725,18.04,19.6,0.0301718558450764,1
2.265,18.75,20.45,0.0328455475428221,1
2.385,20.38,18.85,0.027906963891379,1
2.055,18.2,17.3,0.0235061816323222,1
2.945,20.48,22.9,0.0411870650867256,1
1.75,18.16,18.5,0.0268802521422777,1
3.045,20.61,29.2,0.06696618900392,1
2.265,19.45,20.1,0.0317308711994203,1
1.37,18.04,13.7,0.0147411381288067,1
2.37,18.79,22.25,0.0388821178266949,1
1.5,16.81,16.35,0.0209954600534814,1
2.37,17.39,18.8,0.0277591126871194,1
2.07,19.03,17.75,0.0247449508855409,1
1.71,16.97,16.35,0.0209954600534814,1
2.155,16.48,14.6,0.01674154725098,1
3.045,19.42,25.4,0.0506707479097498,1
2.37,17.75,17.1,0.0229658276959048,1
2.4,20.64,24.15,0.0458061880352068,1
2.265,19.86,22.95,0.0413671176156844,1
2.07,16.26,19.3,0.0292552961883916,1
2.71,17.78,19.8,0.0307907495978336,1
1.85,19.82,20.1,0.0317308711994203,1
2.825,19.15,14.45,0.0163993100012796,1
2.31,20.84,22.95,0.0413671176156844,1
2.4,19.14,20,0.0314159265358979,1
2.37,18.38,22.8,0.040828138126053,1
2.71,19.98,18.05,0.0255884685130297,1
2.86,17.3,18.85,0.027906963891379,1
1.25,19.98,24,0.045238934211693,1
3.045,14.45,16.35,0.0209954600534814,1
3.45,22.69,25.7,0.0518747632942381,1
2.37,21.75,22.35,0.0392324054075702,1
2.485,12.68,5.4,0.00229022104446696,1
2.485,21.02,25.5,0.0510705155749191,1
3.38,21.68,32.25,0.0816863177318559,1
3.785,25.5,34.75,0.0948417369687631,1
2.485,21.71,23.5,0.0433736135736241,1
3.965,22.71,37.35,0.109564810939812,1
2.265,19.7,20.4,0.0326851299679482,1
2.8,20.99,23.5,0.0433736135736241,1
3.45,21.69,21.55,0.0364740870577183,1
3,22.75,30.2,0.0716314540945009,1
2.25,19.72,17.15,0.0231003271313866,1
2.265,18.97,16.9,0.0224317569447945,1
2.555,19.04,23.35,0.0428216750142965,1
2.71,19.44,21.9,0.037668481314705,1
2.5,20.06,22.65,0.0402926929281567,1
1.595,17.54,14.9,0.0174366246255867,1
2.62,20.3,25.6,0.0514718540364152,1
2.4,19.2,17.7,0.0246057390610787,1
2.485,21.88,21.4,0.0359680942909495,1
2.86,21.95,20.8,0.0339794661412272,1
2.555,20.85,25.85,0.0524820724240851,1
1.71,17.77,19.6,0.0301718558450764,1
2.555,20.92,25.7,0.0518747632942381,1
1.85,19.1,17.25,0.0233705040995953,1
3.38,20.78,31,0.0754767635024948,1
2.31,18.89,21.1,0.0349667116326178,1
2.155,18.89,17.2,0.0232352192659501,1
3.08,20.41,24.5,0.0471435247579318,1
2.555,21.01,26.2,0.0539128715282544,1
2.825,20.99,21.35,0.0358002154335233,1
3.08,22.83,28.25,0.0626796821776376,1
3.43,22.43,29.15,0.0667370490897488,1
2.31,23.9,22.35,0.0392324054075702,1
3.045,21.5,22.6,0.0401149965936881,1
2.825,22.61,28.85,0.0653704562854373,1
4.06,25.51,29.05,0.0662799473586515,1
4.035,25.39,28.65,0.0644672483975302,1
3.65,22.59,26.8,0.0564104376878583,1
3.51,25.38,31.6,0.0784267190042156,1
3.5,25.54,34.85,0.0953883740904878,1
3.785,25.48,39.6,0.123162998391334,1
2.725,23.72,24.25,0.0461863207462912,1
3.045,22.56,24.6,0.04752915525616,1
1.665,14.01,13.75,0.014848934026733,1
2.07,12.08,13.2,0.0136847775990371,1
1.25,10.52,10.55,0.00874167790815445,1
2.02,13.69,12.25,0.011785881189483,1
1.595,12.2,12.75,0.0127676288937298,1
1.595,13.31,13.65,0.0146337349299621,1
1.925,12.57,13.9,0.0151746779150021,1
1.595,11.15,12.1,0.011499014510302,1
1.15,10.56,9.75,0.00746619129079699,1
2.02,14.64,13.75,0.014848934026733,1
2.055,13.89,15.9,0.0198556509688509,1
1.15,13.14,11.45,0.0102967662716814,1
1,10.55,8.45,0.00560793923619863,1
1.15,10.43,11.45,0.0102967662716814,1
1.28,9.63,9.05,0.00643260730776595,1
2.265,14.1,17.85,0.0250245526317104,1
3.605,15.47,17.05,0.0228317209595047,1
1.75,12.16,10.7,0.00899202357273739,1
2.25,13.47,16.9,0.0224317569447945,1
2.155,11.92,13.2,0.0136847775990371,1
1.37,10.79,11.65,0.010659620223171,1
1.37,13.71,14.05,0.0155039560950065,1
3.25,12.93,18.25,0.0261586675796563,1
2.265,14.03,16.8,0.0221670777637296,1
1.83,15.06,16.55,0.021512252044997,1
2.31,12.29,14.5,0.0165129963854313,1
1.595,12.16,13.55,0.014420106629518,1
0.75,11.85,9.35,0.00686614709396134,1
1.75,14.93,14.6,0.01674154725098,1
1.15,9.6,7.25,0.00412824909635784,1
2.07,12.91,13.8,0.014957122623741,1
0.75,10.88,10.2,0.00817128249198705,1
2.07,15.67,17.6,0.0243284935093994,1
1.75,11.76,14.1,0.0156145008865047,1
1.5,13.97,14.6,0.01674154725098,1
2.155,12.98,14.25,0.0159484914554894,1
1.31,11.07,11.6,0.0105683176866761,1
1.85,13.23,15.15,0.0180266549958391,1
1.28,11.88,9.6,0.00723822947387088,1
2.75,14.22,14.65,0.0168564117323769,1
2.75,13.84,16.35,0.0209954600534814,1
1.925,12.47,16.15,0.0204849512472731,1
2.31,14.81,14.7,0.0169716689128555,1
2.31,14.46,17.4,0.0237787147950211,1
2.555,14.06,14,0.01539380400259,1
1.15,12.8,13.1,0.0134782178820636,1
2.055,13.16,16.05,0.0202320530386591,1
2.385,12.53,11,0.00950331777710912,1
1.5,12.25,13.4,0.0141026094219646,1
2.07,11.99,12.55,0.0123702174230507,1
2.37,12.87,16.2,0.0206119894002026,1
2.25,12.72,12.5,0.0122718463030851,1
1.37,12.23,11.6,0.0105683176866761,1
3.785,16.53,20.1,0.0317308711994203,1
2.07,13.97,19.3,0.0292552961883916,1
1.37,13.48,14.15,0.0157254383770846,1
2.725,15.12,18.8,0.0277591126871194,1
3.175,18.67,23.9,0.0448627284914256,1
1.25,12.02,8.2,0.00528101725068444,1
2.265,15.43,19.05,0.0285022956992343,1
2.955,14.72,17.15,0.0231003271313866,1
2.945,15.5,16.85,0.0222992210047212,1
1.37,14.51,11.65,0.010659620223171,1
2.31,16.76,22.75,0.0406492636943392,1
2.205,16.88,14.95,0.0175538453014738,1
2.02,16.75,19.8,0.0307907495978336,1
2.945,15.32,27.85,0.0609172486989737,1
1.71,13.41,12.55,0.0123702174230507,1
1.85,14.94,14.25,0.0159484914554894,1
2.555,16.45,22.1,0.0383596316984948,1
2.055,16.59,17.45,0.0239155704249931,1
2.265,16.14,17.65,0.0244669199356982,1
2.37,16.82,21.45,0.0361363658474574,1
2.37,17.5,21.9,0.037668481314705,1
2.265,16.83,19.95,0.0312590432527593,1
1.37,13.44,13.6,0.0145267244301992,1
2.4,15.56,17.35,0.0236422518641308,1
2.555,15.75,16.3,0.0208672438033068,1
1.37,14.76,12.95,0.0131713235497161,1
2.02,14.73,15.85,0.0197309690104115,1
2.75,16.95,23.3,0.0426384808926841,1
1.665,14.4,14.05,0.0155039560950065,1
2.385,15.94,17.1,0.0229658276959048,1
3.785,16.88,27.35,0.0587495497679968,1
2.07,12.41,11.15,0.00976426631689793,1
2.155,14.79,16.4,0.0211240690027378,1
1.25,11.03,12.05,0.0114041776820718,1
1.83,9.83,9.95,0.00777563816717559,1
2.75,14.29,19.7,0.0304805173232916,1
1.75,9.78,13.3,0.0138929081123375,1
1.595,9.33,9.85,0.00762012933082289,1
1.37,9.79,9.7,0.00738981131940659,1
1.83,10.49,9.75,0.00746619129079699,1
2.945,12.34,13.25,0.0137886465061465,1
1.37,9.46,8.3,0.00541060794764502,1
2.4,12.12,15.9,0.0198556509688509,1
0.75,9.59,11.35,0.0101176954904268,1
3.27,13.98,15.95,0.0199807256263719,1
2.02,12.54,13.75,0.014848934026733,1
2.31,11.61,14.8,0.0172033613710577,1
2.02,12.39,15.2,0.0181458391671346,1
1.925,11.79,12.1,0.011499014510302,1
2.4,11.79,13.85,0.0150657039198307,1
1.5,11.22,12.85,0.0129686908235595,1
1.595,11.65,12.95,0.0131713235497161,1
2.07,14.1,15.15,0.0180266549958391,1
2,11.88,14.15,0.0157254383770846,1
2.265,13.21,19.05,0.0285022956992343,1
1.665,11.99,12.35,0.0119790891376787,1
1.85,10.69,11.7,0.0107513154587477,1
1.75,11.85,18.2,0.0260155287643771,1
1.5,11.76,11.95,0.0112156821228564,1
0.605,9.9,9.3,0.00679290871522453,1
2.825,14.22,22.2,0.0387075630848798,1
1.15,11.48,12.55,0.0123702174230507,1
1.525,10.18,9.8,0.00754296396126909,1
1.85,11.97,15.9,0.0198556509688509,1
2.31,9.5,12.15,0.011594244037614,1
1.925,10.72,15.85,0.0197309690104115,1
1.15,8.2,8.7,0.00594467869875529,1
2.5,12.54,17.8,0.0248845554090848,1
1.31,7.68,10.5,0.00865901475145687,1
2.8,16.08,21.35,0.0358002154335233,1
2.945,16.25,15.85,0.0197309690104115,1
2.07,15.47,17.9,0.0251649425534176,1
1.595,13.68,11.45,0.0102967662716814,1
2.02,15.44,14.4,0.0162860163162095,1
1.85,14.84,12.4,0.0120762821603992,1
1.665,15.09,18.75,0.0276116541819415,1
2.07,15.79,21.95,0.0378406798620299,1
1.5,14.6,17.25,0.0233705040995953,1
2.02,14.91,13.9,0.0151746779150021,1
1.71,14.11,14,0.01539380400259,1
2.055,14.22,18.4,0.026590440219984,1
2.055,16.24,16.75,0.0220353272218197,1
1.5,13.97,14.9,0.0174366246255867,1
2.555,16.95,19.15,0.0288023177976521,1
1.04,14.08,13.45,0.0142080491254007,1
1.04,13.31,14.35,0.0161731153302211,1
3.585,15.64,17.2,0.0232352192659501,1
1.925,12.78,15.25,0.0182654160375119,1
2.4,14.73,15.25,0.0182654160375119,1
1.15,12.83,15.3,0.0183853856069709,1
2.75,15.82,17.15,0.0231003271313866,1
1.83,14.62,16.95,0.0225646855839495,1
2.265,15.37,20.4,0.0326851299679482,1
1.83,12.92,15.15,0.0180266549958391,1
1.37,14.33,13.65,0.0146337349299621,1
2,13.28,15.25,0.0182654160375119,1
1.83,15.22,14.5,0.0165129963854313,1
2.31,14.99,16.05,0.0202320530386591,1
2.205,15.71,15.95,0.0199807256263719,1
1.5,14.78,16.05,0.0202320530386591,1
0.605,13.56,12.8,0.0128679635091038,1
1.37,14.77,14.55,0.0166270754686648,1
2.02,14.99,15.05,0.0177894647504931,1
2.265,14.8,17.25,0.0233705040995953,1
1.595,13.97,13.55,0.014420106629518,1
2.31,14.5,18.1,0.0257304292310638,1
1.15,13.9,10.65,0.00890818231879471,1
1.25,14.04,11.1,0.00967689077121996,1
1.75,14.3,14.3,0.0160606070433144,1
1.525,14.6,14.75,0.0170873187924157,1
1.595,13.38,13.6,0.0145267244301992,1
2.4,14.72,15.15,0.0180266549958391,1
2.02,14.23,15.9,0.0198556509688509,1
2.055,15.15,20.25,0.0322062334378166,1
1.75,14.11,12.5,0.0122718463030851,1
2.055,15.66,18.5,0.0268802521422777,1
1.31,14.08,15,0.0176714586764426,1
2.4,15.11,18.2,0.0260155287643771,1
2,14.79,15.35,0.0185057478755115,1
1.37,13.52,15.95,0.0199807256263719,1
2.515,15.3,21.15,0.0351326269946355,1
2.37,15.12,19.85,0.0309464547837271,1
4.065,21.55,35.05,0.0964863607229174,1
1.37,16.12,14.3,0.0160606070433144,1
1.925,19.84,27.1,0.057680426518072,1
4.53,21.01,24.9,0.0486954715288052,1
2.555,20.04,25.4,0.0506707479097498,1
4.13,21.62,28.95,0.065824416423881,1
2.825,19.2,23.05,0.0417284007708473,1
3.51,20.87,28.5,0.0637939658219577,1
3.1,18.92,21.75,0.0371542418672205,1
4.375,19.89,31.75,0.079173043608984,1
1.85,19.93,17.85,0.0250245526317104,1
3.5,21.34,28.4,0.0633470742669846,1
1.37,12,11.55,0.0104774078492628,1
1.15,14.67,19.1,0.0286521103989023,1
2.515,18.93,16.35,0.0209954600534814,1
2.385,19.34,25.35,0.0504714531257877,1
2.31,16.85,18.45,0.02673514983159,1
1.595,15.79,14.45,0.0163993100012796,1
2.4,16.94,18.25,0.0261586675796563,1
1.28,16.2,18.8,0.0277591126871194,1
1.83,13.48,10.25,0.00825158945419444,1
2.8,16.64,23.4,0.0430052618349907,1
1.83,14.74,17.2,0.0232352192659501,1
1.5,15.98,11.5,0.0103868907109313,1
2.61,17.6,20.25,0.0322062334378166,1
1.71,15.69,15.15,0.0180266549958391,1
2.02,17.27,19.9,0.0311025526687023,1
1.75,15.75,14.45,0.0163993100012796,1
1.71,14.63,18,0.0254469004940773,1
1.37,13.43,10,0.00785398163397448,1
1.71,16.12,13.15,0.0135813013910095,1
2.4,16.8,17,0.0226980069221863,1
1.5,15.3,12.9,0.0130698108370969,1
2.265,15.71,14.2,0.0158367685667461,1
1.37,14.76,13.65,0.0146337349299621,1
2.31,15.46,18.4,0.026590440219984,1
1.5,15.64,12.3,0.01188228881404,1
1.85,16.85,17.8,0.0248845554090848,1
2.4,17.13,19.15,0.0288023177976521,1
1.15,15.4,16.5,0.0213824649984955,1
2.5,15.85,15.15,0.0180266549958391,1
2.8,16.83,20.75,0.0338162996727814,1
2.31,17.21,16.05,0.0202320530386591,1
1.04,13.33,10.8,0.00916088417786784,1
2.485,16.87,20.45,0.0328455475428221,1
1.15,12.53,9.5,0.00708821842466197,1
1.37,14.37,14.35,0.0161731153302211,1
1.595,13.65,14.95,0.0175538453014738,1
1.15,13.53,9.1,0.00650388219109427,1
1.595,14.52,13.65,0.0146337349299621,1
2.31,16.08,16.9,0.0224317569447945,1
1.665,15.66,14,0.01539380400259,1
2.385,16.06,20.2,0.0320473866592695,1
1.28,15.51,14.25,0.0159484914554894,1
2.055,15.58,17.2,0.0232352192659501,1
3.34,17.05,15,0.0176714586764426,1
2.75,16.93,15.75,0.019482783190778,1
1.15,14.92,14.75,0.0170873187924157,1
2.07,15.81,13,0.0132732289614169,1
1.85,17.31,16.75,0.0220353272218197,1
2.265,14.34,15.3,0.0183853856069709,1
2.8,15.67,16.2,0.0206119894002026,1
2.385,16.54,16.85,0.0222992210047212,1
4.375,14.78,22,0.0380132711084365,1
2.555,15.75,20.65,0.0334911448331348,1
2.265,12.45,16.25,0.0207394202522139,1
2.07,14.79,17.3,0.0235061816323222,1
2.4,14.73,16.45,0.0212530706510758,1
2.4,11.63,12,0.0113097335529233,1
1.37,13.35,9.5,0.00708821842466197,1
2.555,15.73,25.7,0.0518747632942381,1
1.71,14.83,14.65,0.0168564117323769,1
1.37,14.49,15.05,0.0177894647504931,1
2.825,15.01,22.4,0.0394081382466304,1
2.37,13.72,14.05,0.0155039560950065,1
1.04,4.57,3.25,0.000829576810088555,1
3.34,14.58,19.25,0.0291039106923967,1
0.605,11.91,10.1,0.00801184666481737,1
2.4,16.32,20.55,0.0331675607898151,1
2.485,16.16,18.35,0.0264461233074597,1
2.31,14.41,16.85,0.0222992210047212,1
3.25,14.72,20.05,0.0315732025181183,1
1.83,14.58,13.45,0.0142080491254007,1
1.75,14.88,14.45,0.0163993100012796,1
1.83,13.25,13.7,0.0147411381288067,1
2.265,14.89,16.8,0.0221670777637296,1
2.71,14.48,17.25,0.0233705040995953,1
2.155,12.69,16.35,0.0209954600534814,1
1.595,13.18,13.95,0.0152840446092552,1
2.37,13.81,19.35,0.0294070743834681,1
1.75,13.68,16.85,0.0222992210047212,1
1.85,13.76,16.05,0.0202320530386591,1
1.71,13.4,13.15,0.0135813013910095,1
2.265,14.67,17,0.0226980069221863,1
3.175,16.09,20.3,0.0323654729154454,1
3,14.3,22.3,0.0390570652675917,1
1.83,14.45,17.2,0.0232352192659501,1
1.71,14.06,19.6,0.0301718558450764,1
2.4,14.1,19.45,0.0297118088708663,1
2.07,12.98,18.95,0.0282038443971432,1
2.07,14.91,17.95,0.0253057251742066,1
1.595,14.44,15.65,0.0192361681674712,1
2.02,13.65,15.75,0.019482783190778,1
1.71,12.42,13.25,0.0137886465061465,1
1,11.96,12.5,0.0122718463030851,1
2.02,13.43,13.05,0.0133755270721994,1
3.54,15.54,24.5,0.0471435247579318,1
1.37,11.97,11.5,0.0103868907109313,1
1.5,12.48,14.6,0.01674154725098,1
2.07,13.66,14.45,0.0163993100012796,1
2.07,12.88,17.35,0.0236422518641308,1
2.485,12.97,17.45,0.0239155704249931,1
1.71,11.93,12.75,0.0127676288937298,1
1.83,13.64,17.35,0.0236422518641308,1
2.555,13.86,17.85,0.0250245526317104,1
1.595,12.97,13.3,0.0138929081123375,1
2.8,14.67,16.7,0.0219039693789914,1
2.31,14.23,19.25,0.0291039106923967,1
2.265,13.56,13.85,0.0150657039198307,1
2.07,12.65,15.65,0.0192361681674712,1
1.5,14.52,13.75,0.014848934026733,1
1.37,13.44,12.7,0.0126676869774374,1
2.265,13.78,19.55,0.0300181141545913,1
1.25,10.06,9,0.00636172512351933,1
3.1,16.97,23.7,0.0441150294398713,1
2.31,15.12,18.65,0.0273179152688309,1
2.07,16.34,20.55,0.0331675607898151,1
2.75,15.2,23.95,0.0450506350020185,1
2.155,15.45,8.3,0.00541060794764502,1
3.1,18.02,27.8,0.0606987116600084,1
2,16.95,18.95,0.0282038443971432,1
3.01,17.64,22.85,0.0410074052568484,1
2.07,14.34,18.45,0.02673514983159,1
2.265,15.79,18.2,0.0260155287643771,1
3.5,17.4,19.35,0.0294070743834681,1
2.555,16.36,18.85,0.027906963891379,1
1.85,16.49,15.7,0.0193592793295837,1
1.83,14.61,16.2,0.0206119894002026,1
4.28,19.39,28.15,0.0622367176134814,1
2,15.94,20.25,0.0322062334378166,1
2.31,15.98,20.5,0.0330063578167778,1
1.85,16.32,16.2,0.0206119894002026,1
1.83,15.69,17.35,0.0236422518641308,1
3.1,16.64,27.4,0.0589645525152268,1
1.28,16.11,12.75,0.0127676288937298,1
2.07,14.45,16.45,0.0212530706510758,1
2.07,15.48,18.3,0.0263021990940171,1
2.555,16.96,20.9,0.0343069771753639,1
2.265,16.73,17.85,0.0250245526317104,1
2.71,15.49,22.25,0.0388821178266949,1
2.945,16.62,22.9,0.0411870650867256,1
2.37,13.51,21.25,0.035465635815916,1
1.83,15.47,15.4,0.0186265028431339,1
1.85,13.3,17.15,0.0231003271313866,1
2.155,12.39,14.3,0.0160606070433144,1
1.83,10.25,10.2,0.00817128249198705,1
0.605,6.8,5.15,0.00208307227887088,1
0.75,6.6,7.1,0.00395919214168654,1
1.595,9.21,10.25,0.00825158945419444,1
3.1,12.36,17.4,0.0237787147950211,1
2.265,12.44,14.45,0.0163993100012796,1
1.595,9.72,12.1,0.011499014510302,1
3.1,13.33,16.95,0.0225646855839495,1
2.37,11.6,13.6,0.0145267244301992,1
0.955,6.81,5.5,0.00237582944427728,1
2.31,13.04,14.55,0.0166270754686648,1
3.38,12.97,14.75,0.0170873187924157,1
3.65,14.7,14.9,0.0174366246255867,1
2.055,12.94,15.25,0.0182654160375119,1
2.485,14.08,20.8,0.0339794661412272,1
2.31,12.25,14.6,0.01674154725098,1
2.485,14.01,16.35,0.0209954600534814,1
2.385,12.95,15.75,0.019482783190778,1
2.4,12.94,15.95,0.0199807256263719,1
1.15,10.53,12.5,0.0122718463030851,1
2.5,13.21,18.15,0.0258727826481796,1
2.155,12.87,15.45,0.0187476505098379,1
2.555,13.91,22,0.0380132711084365,1
2.31,13.45,19.4,0.0295592452776264,1
1.37,11.96,11.75,0.010843403393406,1
3.1,17.49,21.95,0.0378406798620299,1
2.02,15.55,18.85,0.027906963891379,1
2.825,17.31,16.1,0.0203583057934253,1
3.165,17.53,21.9,0.037668481314705,1
5.47,17.74,26.85,0.0566211207451897,1
3.1,16.19,19.2,0.0289529178954835,1
2.4,15.36,19.55,0.0300181141545913,1
2.485,14.97,20.9,0.0343069771753639,1
3.165,15.36,25.6,0.0514718540364152,1
0.75,10.92,4.65,0.00169822717880613,1
4.065,16.88,20,0.0314159265358979,1
3.1,16.67,27.8,0.0606987116600084,1
3.34,16.9,28.2,0.0624580035460187,1
2.07,15.53,17.9,0.0251649425534176,1
2.4,15.87,18,0.0254469004940773,1
3.3,17.55,19.5,0.029864765163188,1
3.75,18.08,24.65,0.0477225595538966,1
2.37,16.79,24.15,0.0458061880352068,1
3.1,16.7,23.55,0.0435583784915633,1
2.31,16.53,20.75,0.0338162996727814,1
3.73,14.52,15.6,0.0191134497044403,1
2.31,12.83,16.45,0.0212530706510758,1
2.8,14.38,24.2,0.0459960580412082,1
2.75,14.03,18.45,0.02673514983159,1
1.85,13.02,13,0.0132732289614169,1
2.02,11.99,15.2,0.0181458391671346,1
2.5,11.6,14.95,0.0175538453014738,1
2.07,10.33,16.25,0.0207394202522139,1
1.31,8.43,9.55,0.00716302759972558,1
1.5,11.18,13.65,0.0146337349299621,1
1.665,11.85,13.5,0.0143138815279185,1
1.925,12.29,14.75,0.0170873187924157,1
2.07,11.43,14.45,0.0163993100012796,1
2.385,13.14,16.55,0.021512252044997,1
2.4,15.13,19.5,0.029864765163188,1
1.37,11.85,13.8,0.014957122623741,1
2.37,10.33,12.4,0.0120762821603992,1
2.07,13.23,17.45,0.0239155704249931,1
2.31,12.6,15.3,0.0183853856069709,1
2.31,14.75,19.65,0.0303259902346431,1
2.555,14.26,17.85,0.0250245526317104,1
1.665,10.25,12.8,0.0128679635091038,1
1.37,10.83,11.75,0.010843403393406,1
1.31,12.23,12.8,0.0128679635091038,1
2.515,13.66,19.95,0.0312590432527593,1
2.155,12.16,16.7,0.0219039693789914,1
2.31,12.76,16.95,0.0225646855839495,1
1.85,12.48,15.4,0.0186265028431339,1
2.07,12.5,16.25,0.0207394202522139,1
1.595,11.47,13.75,0.014848934026733,1
1.595,12.07,15.5,0.0188691908756237,1
2.825,13.58,21.25,0.035465635815916,1
2.945,12.79,17.9,0.0251649425534176,1
2.75,12.87,14.25,0.0159484914554894,1
2.07,13.26,15.9,0.0198556509688509,1
2.07,11.92,21.4,0.0359680942909495,1
1.71,12.31,10.9,0.00933131557932508,1
3.165,12.05,21.9,0.037668481314705,1
2.055,13.99,18.6,0.0271716348608981,1
1.28,11.72,16.4,0.0211240690027378,1
2.8,12.41,21.3,0.0356327292751788,1
2.155,13.28,17.1,0.0229658276959048,1
1.83,11.98,13.8,0.014957122623741,1
2.02,12.6,13.5,0.0143138815279185,1
2.31,10.96,16.35,0.0209954600534814,1
2.155,11.29,14.4,0.0162860163162095,1
2.8,12.9,20,0.0314159265358979,1
2.155,12.24,15.15,0.0180266549958391,1
2.485,12.53,16.05,0.0202320530386591,1
0.955,5.91,5.4,0.00229022104446696,1
3.045,13.38,22.65,0.0402926929281567,1
3.045,12.21,20.8,0.0339794661412272,1
3.1,14.26,21.15,0.0351326269946355,1
2.02,12.42,14.8,0.0172033613710577,1
0.75,4.89,4,0.00125663706143592,1
3.5,14.02,18.85,0.027906963891379,1
3.25,14.47,21.85,0.0374966754664618,1
2.31,12.13,17.05,0.0228317209595047,1
2.055,11.88,11.5,0.0103868907109313,1
2.725,13.89,17.5,0.0240528187540468,1
2.76,13.06,18.25,0.0261586675796563,1
2.61,12.89,18.45,0.02673514983159,1
3.34,13.78,17.3,0.0235061816323222,1
1.5,12.6,13.75,0.014848934026733,1
2.25,13.68,16.4,0.0211240690027378,1
3.41,15.95,22.4,0.0394081382466304,1
3.175,13.82,20.25,0.0322062334378166,1
2.02,8.74,8.5,0.00567450173054657,1
2.71,14.07,18.5,0.0268802521422777,1
4.29,22.93,34.65,0.0942966706433653,1
2.825,23.14,27.05,0.0574677799653321,1
3.65,22.33,29.9,0.0702153812058953,1
4,24.57,35.25,0.0975906305406542,1
2.265,22.29,25.1,0.0494808696922026,1
4.625,21.61,33.05,0.0857892377374441,1
2.31,22.13,31.05,0.0757204332826888,1
2.265,15.05,16.6,0.0216424317905801,1
1.83,15.77,18.6,0.0271716348608981,1
1.83,14.99,18.1,0.0257304292310638,1
1.04,12.3,11.55,0.0104774078492628,1
2.555,16.19,24.4,0.0467594650560305,1
2.31,15.22,21.65,0.036813379064306,1
2.07,14.27,18.15,0.0258727826481796,1
1.85,14.06,16.85,0.0222992210047212,1
3.1,16.39,29,0.0660519855417254,1
2.055,14.95,16.8,0.0221670777637296,1
2.265,15.52,19.05,0.0285022956992343,1
1.71,12.57,16.75,0.0220353272218197,1
2.07,12.69,16,0.0201061929829747,1
2.31,15.51,19,0.0283528736986479,1
3.1,17.07,24.85,0.0485001037356601,1
2.75,16.06,22.75,0.0406492636943392,1
2.265,15.73,22.05,0.0381862550539248,1
1.83,13.13,15.35,0.0185057478755115,1
2.37,14.87,21.7,0.0369836141162224,1
1.925,12.83,14.8,0.0172033613710577,1
2.71,13.98,19.1,0.0286521103989023,1
1.5,13.93,12.85,0.0129686908235595,1
2.385,15.05,18.95,0.0282038443971432,1
1.85,15.2,18.4,0.026590440219984,1
1.37,13.93,13.15,0.0135813013910095,1
2.265,14.32,18.75,0.0276116541819415,1
2.945,14.35,20.4,0.0326851299679482,1
2.75,16.35,20.85,0.0341430253087547,1
2.31,17.6,23.65,0.0439290864246869,1
1.5,13.91,13.25,0.0137886465061465,1
2.8,16.56,22.7,0.0404707819617071,1
3.1,16.98,20.85,0.0341430253087547,1
2.485,17.04,22.1,0.0383596316984948,1
3.1,16.33,25.55,0.0512709884561263,1
2.31,15.35,21.6,0.0366435367114714,1
1.85,15.23,16.7,0.0219039693789914,1
1.83,15.85,20.1,0.0317308711994203,1
2,14.9,17.85,0.0250245526317104,1
1.83,14.76,18.05,0.0255884685130297,1
2,14.65,17.6,0.0243284935093994,1
2.07,15,21.65,0.036813379064306,1
2.155,16.18,18,0.0254469004940773,1
3.54,15.77,22.8,0.040828138126053,1
2.5,16.63,20.3,0.0323654729154454,1
2.485,15.47,16.9,0.0224317569447945,1
2.75,16.54,21.6,0.0366435367114714,1
1.85,13.65,15.15,0.0180266549958391,1
2.31,15.03,18.95,0.0282038443971432,1
2.8,16.06,23.5,0.0433736135736241,1
1.925,13.42,12.9,0.0130698108370969,1
3.965,16.82,24.7,0.0479163565507149,1
2.31,14.7,20.4,0.0326851299679482,1
2.31,15.23,20.45,0.0328455475428221,1
2.555,15.29,21.65,0.036813379064306,1
2.4,15.18,18.4,0.026590440219984,1
1.5,14.38,17.45,0.0239155704249931,1
2.055,13.99,14.3,0.0160606070433144,1
2.385,16.1,23.1,0.0419096313970512,1
1.85,15.63,17.8,0.0248845554090848,1
2.825,12.8,19.8,0.0307907495978336,1
1.75,14.95,18.35,0.0264461233074597,1
3.1,15.39,19.45,0.0297118088708663,1
2.4,15.44,19.65,0.0303259902346431,1
2.02,14.59,17.1,0.0229658276959048,1
2.07,14.52,18.2,0.0260155287643771,1
2.555,15.59,24.95,0.048891232021032,1
2.155,13.79,15.65,0.0192361681674712,1
2.055,13.66,17.4,0.0237787147950211,1
2.825,14.05,16.8,0.0221670777637296,1
2.37,14.46,17.5,0.0240528187540468,1
2.4,14.26,17.9,0.0251649425534176,1
2.4,15.55,18.35,0.0264461233074597,1
2.555,15.73,17.35,0.0236422518641308,1
2.02,12.52,16.3,0.0208672438033068,1
2.4,15.56,19.25,0.0291039106923967,1
3.1,14.73,20.75,0.0338162996727814,1
2.945,14.91,20.7,0.0336535259034173,1
1.71,11.24,12.95,0.0131713235497161,1
2.155,12.64,16.9,0.0224317569447945,1
2.055,13.84,14.4,0.0162860163162095,1
2.825,14.11,17.75,0.0247449508855409,1
1.83,11.99,11.95,0.0112156821228564,1
3.41,12.21,15.6,0.0191134497044403,1
2.76,11.87,17.25,0.0233705040995953,1
1.28,11.12,11.2,0.00985203456165759,1
2.31,11.81,17.45,0.0239155704249931,1
1.5,8.33,11.1,0.00967689077121996,1
2.555,10.05,14.9,0.0174366246255867,1
2.31,11.36,14.25,0.0159484914554894,1
1.15,6.1,6.05,0.00287475362757551,1
1.83,10.27,15.5,0.0188691908756237,1
3.27,13.75,20.8,0.0339794661412272,1
2.555,13.58,16.8,0.0221670777637296,1
3.1,13.5,18.75,0.0276116541819415,1
2.61,11.31,17.75,0.0247449508855409,1
1.25,8.53,11.45,0.0102967662716814,1
2.265,11.64,11.85,0.0110287573599678,1
2.31,14.44,22.15,0.0385334010421464,1
1.75,12.09,14,0.01539380400259,1
1.595,11.45,10.15,0.00809136822886136,1
2.945,14.68,22.15,0.0385334010421464,1
1.85,13.54,13.95,0.0152840446092552,1
2.155,12.98,14.6,0.01674154725098,1
3.1,14.14,23.45,0.0431892413547665,1
1.665,12.55,13.3,0.0138929081123375,1
3.38,15.7,16.9,0.0224317569447945,1
3.25,15.92,25.05,0.0492839311027307,1
3.045,13.79,20.85,0.0341430253087547,1
3.1,15.15,27.2,0.0581068977207968,1
3.29,12.13,21.2,0.0352989350557349,1
3.34,15.93,28.75,0.0649180669433203,1
1.71,8.02,10.9,0.00933131557932508,1
2.31,17.75,21.55,0.0364740870577183,1
3.175,18.38,23.3,0.0426384808926841,1
2.75,19.23,23.9,0.0448627284914256,1
2.4,18.41,17.9,0.0251649425534176,1
2.37,18.27,21.6,0.0366435367114714,1
1.75,16.92,15.2,0.0181458391671346,1
1.85,15.69,15.65,0.0192361681674712,1
2.8,18.81,23.05,0.0417284007708473,1
3.29,20.15,24.75,0.0481105462466149,1
2.515,18.83,25,0.0490873852123405,1
3.45,20.09,29.1,0.0665083018746593,1
2.5,19.2,23.85,0.0446752146799145,1
2.265,18.46,21,0.0346360590058275,1
2.31,17.12,16.2,0.0206119894002026,1
2.555,19.42,28.25,0.0626796821776376,1
1.15,14.6,11.7,0.0107513154587477,1
3.165,19.1,25.55,0.0512709884561263,1
2.485,18.29,27.4,0.0589645525152268,1
2.61,20.62,27.1,0.057680426518072,1
2.61,19.83,23.4,0.0430052618349907,1
2.75,21.22,23.75,0.0443013651541373,1
2.825,19.89,26.75,0.0562001473296087,1
2.485,19.48,22.55,0.0399376929583011,1
2.8,13.85,15.35,0.0185057478755115,1
4.28,13.12,18.75,0.0276116541819415,1
2.07,11.77,13.6,0.0145267244301992,1
1.5,9.88,12.85,0.0129686908235595,1
2.75,11.82,17.95,0.0253057251742066,1
2.31,12.15,16.15,0.0204849512472731,1
2.155,12.56,13.35,0.0139975624176102,1
1.85,11.98,16.85,0.0222992210047212,1
4,14.36,22.65,0.0402926929281567,1
2.02,13.34,16.9,0.0224317569447945,1
1.83,12.09,12.05,0.0114041776820718,1
0.75,12.4,15,0.0176714586764426,1
3.08,13.68,18.05,0.0255884685130297,1
1.83,12.73,13.75,0.014848934026733,1
3.725,13.57,19.15,0.0288023177976521,1
2.055,9.92,11.65,0.010659620223171,1
2.825,11.59,16.7,0.0219039693789914,1
2.485,12.27,21.65,0.036813379064306,1
2.555,12.66,19.15,0.0288023177976521,1
1.04,5.1,4.1,0.00132025431267111,1
2.31,10.72,15.55,0.0189911239404911,1
2.31,12.9,16.5,0.0213824649984955,1
1.15,5.73,6.3,0.00311724531052447,1
2.5,12.91,23.8,0.0444880935674851,1
1.85,11.3,10.2,0.00817128249198705,1
0.75,4.98,4.5,0.00159043128087983,1
2.75,11.82,18.45,0.02673514983159,1
3.41,12.88,16.1,0.0203583057934253,1
2.825,20.9,27.9,0.0611361784370208,1
1.71,17.11,17.75,0.0247449508855409,1
2.61,20.85,27.8,0.0606987116600084,1
3,21.26,26,0.0530929158456675,1
2.75,19.85,24.15,0.0458061880352068,1
3.165,22.16,31.5,0.0779311327631118,1
3.175,22.99,26.95,0.0570436649570975,1
3,21.82,28.25,0.0626796821776376,1
2.485,19.7,24.95,0.048891232021032,1
3.1,23.03,28.5,0.0637939658219577,1
3.045,20.25,25.55,0.0512709884561263,1
1.37,19.68,19.6,0.0301718558450764,1
2.155,20.66,23.25,0.0424556794701533,1
2.8,20.18,25.7,0.0518747632942381,1
2.4,21.18,23.2,0.0422732707467042,1
1.71,20.37,24.35,0.0465680242537024,1
3.1,20.6,23,0.041547562843725,1
1.83,20.33,18.95,0.0282038443971432,1
2.37,19.75,19.25,0.0291039106923967,1
3.165,21.53,30.25,0.0718688406893877,1
2.31,20.51,28.05,0.0617953238456521,1
1.83,19.22,21.25,0.035465635815916,1
2.825,20.89,31.4,0.0774371173183348,1
2.8,20.49,23.55,0.0435583784915633,1
2.71,20.67,22.7,0.0404707819617071,1
3.54,22.82,29.2,0.06696618900392,1
3.165,22.65,33.25,0.0868306757021091,1
2.07,17.08,17.5,0.0240528187540468,1
2.02,17.26,14.4,0.0162860163162095,1
4.29,21.34,25.3,0.0502725510409073,1
2.555,20.55,19.15,0.0288023177976521,1
3.45,20.3,23.85,0.0446752146799145,1
3.1,20.49,24.3,0.0463769761504559,1
2.07,20.98,24.95,0.048891232021032,1
2.8,19.95,20.55,0.0331675607898151,1
2.8,22.47,31.2,0.0764537988177612,1
2.155,19.34,18.75,0.0276116541819415,1
2.825,23.53,31.8,0.0794226038754036,1
2.055,15.04,12.05,0.0114041776820718,1
2.02,18.6,18.7,0.0274645883758454,1
3.605,19.9,25.75,0.0520768069717721,1
3.045,19.97,26.4,0.0547391103961486,1
2.61,18.92,19.65,0.0303259902346431,1
1.04,8.09,6.3,0.00311724531052447,1
2.955,19.23,19.05,0.0285022956992343,1
3.5,20.8,31.05,0.0757204332826888,1
2.61,18.74,25.85,0.0524820724240851,1
2.055,13.99,14.45,0.0163993100012796,1
3.29,22.59,29.6,0.0688134454842309,1
2.485,18.1,20.65,0.0334911448331348,1
3.1,20.86,26.75,0.0562001473296087,1
3.29,20.29,25.3,0.0502725510409073,1
1.595,10.52,10.65,0.00890818231879471,1
2.86,21.33,27.3,0.0585349397198484,1
3.38,18.66,20.75,0.0338162996727814,1
1.37,16.55,15.75,0.019482783190778,1
2.86,19.48,25.15,0.0496782009807562,1
2.37,18.15,19.95,0.0312590432527593,1
2.555,18.98,23.75,0.0443013651541373,1
1.5,15.2,14.65,0.0168564117323769,1
3.785,22.33,37.45,0.110152288766033,1
4.28,21.53,37.7,0.111627855565516,1
3.08,20.45,21.8,0.0373252623173003,1
3.1,20.38,30.05,0.0709216505043304,1
3.045,21.55,26.75,0.0562001473296087,1
2.945,21.43,28.35,0.0631242175381206,1
3.3,17.33,17.3,0.0235061816323222,1
2.385,18.56,22.5,0.0397607820219958,1
3.045,19.86,32.85,0.0847540829580863,1
4.065,21.62,32.25,0.0816863177318559,1
3.54,20.33,36.45,0.104348196338526,1
2.555,18.67,21.65,0.036813379064306,1
2.4,19.15,21.35,0.0358002154335233,1
2.61,20.74,24.3,0.0463769761504559,1
3,20.14,24.2,0.0459960580412082,1
2.555,22.93,30.85,0.0747481103564028,1
2.75,20.17,23.25,0.0424556794701533,1
2.31,17.29,21.5,0.036305030103047,1
2.07,18.48,17.75,0.0247449508855409,1
3.38,20.79,24.05,0.0454276261204493,1
2.8,19.06,21.65,0.036813379064306,1
2.055,18.42,19.4,0.0295592452776264,1
2.155,14.82,19.05,0.0285022956992343,1
1.75,17.54,15.55,0.0189911239404911,1
3.94,21.1,28.4,0.0633470742669846,1
3.1,20.79,20,0.0314159265358979,1
4.53,21.44,33.95,0.0905251886627308,1
2.31,19.21,22.6,0.0401149965936881,1
2.555,20.1,23.35,0.0428216750142965,1
2.485,18.15,19.9,0.0311025526687023,1
2.75,19.46,23.55,0.0435583784915633,1
1.15,6.53,5.25,0.00216475368786422,1
0.75,3.98,3.3,0.000855298599939821,1
2.5,12.05,17.9,0.0251649425534176,1
3.1,13.37,22.55,0.0399376929583011,1
2.945,12.56,20.25,0.0322062334378166,1
0.955,8.27,3.6,0.00101787601976309,1
2.515,13.77,19.6,0.0301718558450764,1
2.825,12.11,20.3,0.0323654729154454,1
2.155,13.28,22.2,0.0387075630848798,1
1.5,13.14,17.25,0.0233705040995953,1
2.07,12.31,15.15,0.0180266549958391,1
2.555,13.78,23.35,0.0428216750142965,1
2.75,13.79,18.4,0.026590440219984,1
2.945,13.91,19.4,0.0295592452776264,1
2.4,12.3,19.25,0.0291039106923967,1
2.07,11.39,17.5,0.0240528187540468,1
2.31,12.75,16.4,0.0211240690027378,1
2.61,9.45,18.8,0.0277591126871194,1
2.61,13.7,15.4,0.0186265028431339,1
1.83,15.1,13.6,0.0145267244301992,1
3.65,16.38,23,0.041547562843725,1
2.055,15.14,15.3,0.0183853856069709,1
1.25,13.91,10.9,0.00933131557932508,1
3.51,18.74,23.7,0.0441150294398713,1
3.165,15.23,21,0.0346360590058275,1
1.85,14.93,14.35,0.0161731153302211,1
1.31,15.33,17,0.0226980069221863,1
2.555,16.41,18.6,0.0271716348608981,1
1.71,15.52,18.55,0.027025747152047,1
2.485,14.98,18.9,0.0280552077947202,1
2.485,16.13,22.35,0.0392324054075702,1
1.75,15.07,16.95,0.0225646855839495,1
1.595,14.49,12.95,0.0131713235497161,1
2.31,16.42,20.7,0.0336535259034173,1
1.15,14.74,12.5,0.0122718463030851,1
2.205,15.51,19.4,0.0295592452776264,1
1.5,13.86,13.35,0.0139975624176102,1
2.825,16.06,20.05,0.0315732025181183,1
1.83,14.48,15.7,0.0193592793295837,1
1.83,15.23,17.15,0.0231003271313866,1
2.07,16.43,19.85,0.0309464547837271,1
2.61,16.61,19.3,0.0292552961883916,1
2.155,14.38,17.9,0.0251649425534176,1
1.25,14.11,14.85,0.0173197966487814,1
2.5,15.5,19.75,0.0306354371110217,1
2.07,14.56,18.6,0.0271716348608981,1
2.555,14.74,19.6,0.0301718558450764,1
2.31,15.45,19.35,0.0294070743834681,1
2.155,14.74,16,0.0201061929829747,1
1.71,12.47,16.45,0.0212530706510758,1
2.31,14.36,21.5,0.036305030103047,1
1.28,13.03,13.95,0.0152840446092552,1
2.75,13.47,14.85,0.0173197966487814,1
2.5,14.62,16.25,0.0207394202522139,1
1.85,14.83,19.8,0.0307907495978336,1
2,13.24,15.25,0.0182654160375119,1
1.665,12.55,14.2,0.0158367685667461,1
3.805,14.65,16.5,0.0213824649984955,1
2.825,15.98,20.75,0.0338162996727814,1
1.5,14.52,13.3,0.0138929081123375,1
2.945,16.12,18.75,0.0276116541819415,1
1.71,15.21,13.05,0.0133755270721994,1
1.37,12.27,11.9,0.0111220233918713,1
1.85,14.19,18.2,0.0260155287643771,1
1.25,11.81,10.4,0.0084948665353068,1
2.055,15.03,18,0.0254469004940773,1
1.5,13.29,10,0.00785398163397448,1
2.265,15.08,17.75,0.0247449508855409,1
1.925,16.95,21.05,0.0348011889696818,1
1.25,14.26,13.45,0.0142080491254007,1
2.385,16.42,16.8,0.0221670777637296,1
1.595,12.62,13.75,0.014848934026733,1
1.75,14.77,15.9,0.0198556509688509,1
1.83,14.22,16,0.0201061929829747,1
1.15,13.77,12,0.0113097335529233,1
2.07,15.84,19.65,0.0303259902346431,1
2.31,16.8,21.5,0.036305030103047,1
1.71,15.44,13.15,0.0135813013910095,1
2.265,13.92,20.2,0.0320473866592695,1
2.205,13.1,12.3,0.01188228881404,1
3.045,16.58,16.9,0.0224317569447945,1
1.15,13.27,12.8,0.0128679635091038,1
0.75,13.19,10.8,0.00916088417786784,1
1.15,11.64,9.3,0.00679290871522453,1
1.595,14.32,14.7,0.0169716689128555,1
1.85,16.17,16.25,0.0207394202522139,1
2.4,14.44,14.05,0.0155039560950065,1
2.055,13.8,15.45,0.0187476505098379,1
1.15,13.32,9.4,0.00693977817177985,1
1.28,14.62,12.3,0.01188228881404,1
2.055,15.55,16,0.0201061929829747,1
1.5,13.29,9.7,0.00738981131940659,1
3,17.74,18.25,0.0261586675796563,1
2.07,14.64,16.5,0.0213824649984955,1
1.595,14.27,14.4,0.0162860163162095,1
2.4,13.46,15.3,0.0183853856069709,1
1.28,14.25,13.15,0.0135813013910095,1
3.27,16.42,18.4,0.026590440219984,1
1.5,11.83,11.6,0.0105683176866761,1
1.71,14.5,16.4,0.0211240690027378,1
2.31,15.21,16.7,0.0219039693789914,1
1.15,14.16,12.9,0.0130698108370969,1
1.525,13.58,11.15,0.00976426631689793,1
1.71,14.77,13.15,0.0135813013910095,1
1.37,14.96,17.6,0.0243284935093994,1
1.37,12.79,10.65,0.00890818231879471,1
2.02,14.82,15.1,0.0179078635236252,1
1.37,13.09,12.4,0.0120762821603992,1
2.02,13.75,14.85,0.0173197966487814,1
2.4,13.08,13.3,0.0138929081123375,1
1.71,13.63,12.65,0.0125681377602268,1
1.5,11.91,10.55,0.00874167790815445,1
1.85,16.51,16,0.0201061929829747,1
2.725,15.59,20.5,0.0330063578167778,1
1.71,13.61,14.15,0.0157254383770846,1
2.07,15.3,20.55,0.0331675607898151,1
3.725,15.83,18.5,0.0268802521422777,1
2.61,15.68,19.5,0.029864765163188,1
2.75,15.43,24.35,0.0465680242537024,1
2.485,14.56,18.55,0.027025747152047,1
2.265,13.93,20.7,0.0336535259034173,1
1.85,14.8,16.55,0.021512252044997,1
1.595,13.01,14.1,0.0156145008865047,1
2.07,13.29,14.15,0.0157254383770846,1
1.31,12.12,11.6,0.0105683176866761,1
2.07,11.98,12,0.0113097335529233,1
1.5,12.26,15.15,0.0180266549958391,1
2.485,14.93,13.6,0.0145267244301992,1
2.555,15.9,21.6,0.0366435367114714,1
1.595,12.52,15.75,0.019482783190778,1
2.07,15.48,14.4,0.0162860163162095,1
2.8,12.82,16.45,0.0212530706510758,1
1.5,11.45,11.2,0.00985203456165759,1
1.5,12.56,11.5,0.0103868907109313,1
2.25,12.35,10.55,0.00874167790815445,1
2.265,15.46,20.3,0.0323654729154454,1
2.07,12.88,15.35,0.0185057478755115,1
1.85,12.69,12.25,0.011785881189483,1
1.5,12.14,12.3,0.01188228881404,1
2.265,13.96,12.75,0.0127676288937298,1
1.595,16.61,14.75,0.0170873187924157,1
2.07,12.77,14.5,0.0165129963854313,1
2.07,13.59,14.1,0.0156145008865047,1
1.71,11.14,12.8,0.0128679635091038,1
2.155,12.41,14.1,0.0156145008865047,1
1.83,14.89,17.65,0.0244669199356982,1
1.85,13.71,17.6,0.0243284935093994,1
1.25,11.25,10.4,0.0084948665353068,1
2.155,15.97,19.05,0.0285022956992343,1
2.31,13.47,18.95,0.0282038443971432,1
1.75,12.19,17,0.0226980069221863,1
1.75,11.04,13.35,0.0139975624176102,1
2.055,14.15,15.8,0.0196066797510539,1
2.75,15.08,18.4,0.026590440219984,1
1.83,12.09,15.1,0.0179078635236252,1
2.055,13.69,17.7,0.0246057390610787,1
1.15,7.35,6.25,0.00306796157577128,1
2.07,14.75,15.05,0.0177894647504931,1
2.07,15.11,16.7,0.0219039693789914,1
1.665,13.65,14.3,0.0160606070433144,1
2.61,15,18.7,0.0274645883758454,1
1.77,14.35,15.6,0.0191134497044403,1
2.265,13.47,19,0.0283528736986479,1
2.25,12.84,17.25,0.0233705040995953,1
2.07,14.51,16.4,0.0211240690027378,1
1.83,14.75,16.1,0.0203583057934253,1
1.77,13.85,15.7,0.0193592793295837,1
2.75,16.96,21.55,0.0364740870577183,1
1.5,10.42,8.7,0.00594467869875529,1
3.25,16.1,18.55,0.027025747152047,1
2.265,15.94,18.6,0.0271716348608981,1
1.71,12.8,12.8,0.0128679635091038,1
1.5,13.6,15.85,0.0197309690104115,1
1.85,14.83,20,0.0314159265358979,1
2.555,15.97,20,0.0314159265358979,1
1.75,14.25,15.35,0.0185057478755115,1
1.85,14.76,15.8,0.0196066797510539,1
2.07,15.32,22.5,0.0397607820219958,1
2.07,15.41,19.5,0.029864765163188,1
1.75,12.8,12.45,0.0121738678822013,1
2.555,14.53,16.25,0.0207394202522139,1
2.07,14.85,19.8,0.0307907495978336,1
1.665,12.65,14.7,0.0169716689128555,1
1.37,12.64,11.85,0.0110287573599678,1
1.5,13.03,12.25,0.011785881189483,1
2.205,13.83,20.35,0.032525105092156,1
1.83,13.97,17.6,0.0243284935093994,1
2.4,13.45,18.3,0.0263021990940171,1
2.055,13.88,14.7,0.0169716689128555,1
2.4,14.61,17.25,0.0233705040995953,1
1.85,14.92,17.7,0.0246057390610787,1
1.595,13.9,13.45,0.0142080491254007,1
1.665,13.83,16.7,0.0219039693789914,1
2.8,15.01,15.4,0.0186265028431339,1
2.385,15.45,15.85,0.0197309690104115,1
1.83,13.52,16.9,0.0224317569447945,1
1.28,10.81,9.65,0.00731382404709789,1
2.5,11.99,12.9,0.0130698108370969,1
1.5,13.98,11.95,0.0112156821228564,1
2.055,14.16,15.75,0.019482783190778,1
2.155,14.12,17.7,0.0246057390610787,1
1.595,10.63,8.9,0.00622113885227119,1
1.71,14.06,13.85,0.0150657039198307,1
1.25,11.07,15,0.0176714586764426,1
1.71,13.37,17.2,0.0232352192659501,1
2.07,13.84,17.55,0.0241904597821823,1
2.4,14.11,19,0.0283528736986479,1
1.595,14.43,11.7,0.0107513154587477,1
1.85,14.77,15.35,0.0185057478755115,1
2.71,13.5,18.35,0.0264461233074597,1
3.175,13.68,18.05,0.0255884685130297,1
3.5,14.11,19.45,0.0297118088708663,1
1.15,9.29,7.25,0.00412824909635784,1
2.02,11.88,17.1,0.0229658276959048,1
2.265,11.79,12.9,0.0130698108370969,1
1.85,10.47,11.5,0.0103868907109313,1
2.485,11.72,15.45,0.0187476505098379,1
1.595,10.87,12.65,0.0125681377602268,1
1.75,9.79,11.15,0.00976426631689793,1
2.07,11.73,14.35,0.0161731153302211,1
1.31,9.12,10.25,0.00825158945419444,1
2.4,10.63,14.25,0.0159484914554894,1
1.71,11.03,14.6,0.01674154725098,1
3.41,13.1,23.25,0.0424556794701533,1
2.4,12.2,17.4,0.0237787147950211,1
2.4,11.24,13.75,0.014848934026733,1
1,8.93,7.7,0.00465662571078347,1
1.15,9.35,7.35,0.00424291722821386,1
1.04,9.5,10.95,0.00941712032867625,1
1.37,10.49,14.35,0.0161731153302211,1
1.37,10.27,9.6,0.00723822947387088,1
2.945,11.65,14.25,0.0159484914554894,1
2.485,11.63,17.5,0.0240528187540468,1
1.925,11.07,14.35,0.0161731153302211,1
3.175,13.07,20.9,0.0343069771753639,1
1.15,10.15,11.45,0.0102967662716814,1
2.07,11.39,18.75,0.0276116541819415,1
1.665,11.07,14.3,0.0160606070433144,1
2.8,12.88,18.6,0.0271716348608981,1
2.055,9.87,14.2,0.0158367685667461,1
0.955,9.72,8.2,0.00528101725068444,1
1.75,10.88,15.5,0.0188691908756237,1
1.15,11.33,10.55,0.00874167790815445,1
1.665,11.61,13.65,0.0146337349299621,1
3.1,12.87,6.65,0.00347322702808437,1
1.925,12.64,16.1,0.0203583057934253,1
2.4,15.32,21.05,0.0348011889696818,1
2.4,13.96,21.1,0.0349667116326178,1
1.15,9.75,15.5,0.0188691908756237,1
2.725,14.41,19.15,0.0288023177976521,1
1.83,13.07,15.4,0.0186265028431339,1
2.4,12.78,19.3,0.0292552961883916,1
2.485,15.62,20.35,0.032525105092156,1
2.8,11.61,14.75,0.0170873187924157,1
3.25,13.19,18.8,0.0277591126871194,1
2.945,27.93,31.55,0.0781787295341228,1
5.6,27.61,30.95,0.0752334864213824,1
5.18,30.75,41,0.132025431267111,1
2.07,27.09,40.15,0.126607951085536,1
3.54,33.09,42.05,0.138874299601478,1
4.29,33.34,40.15,0.126607951085536,1
4.13,30.67,34.4,0.0929408770638004,1
2.4,20.75,22.65,0.0402926929281567,1
3.54,30.45,35,0.0962112750161874,1
3.51,26.22,37.65,0.111331956807456,1
2.5,18.8,22.6,0.0401149965936881,1
2.725,21.3,33.75,0.0894617595494906,1
2.75,20.58,24.8,0.0483051286415967,1
2.71,21.5,25.45,0.0508704353927936,1
5.25,24.48,48.65,0.185889804458776,1
2.4,20.15,20.05,0.0315732025181183,1
3.41,21.57,29.25,0.0671957216171729,1
2.555,20.53,28.15,0.0622367176134814,1
1.83,17.86,18.7,0.0274645883758454,1
2.71,15.56,17.9,0.0251649425534176,1
3.045,20.09,24.05,0.0454276261204493,1
3.045,24.1,32,0.0804247719318987,1
2.385,18.36,20.75,0.0338162996727814,1
3.045,22.44,25.9,0.0526852941988642,1
3.54,20.14,24.4,0.0467594650560305,1
2.265,19.7,19.4,0.0295592452776264,1
1.83,19.1,23.3,0.0426384808926841,1
2.385,22.01,27.05,0.0574677799653321,1
2.8,23.03,30.85,0.0747481103564028,1
2.155,18.69,18.75,0.0276116541819415,1
2.515,20.53,22,0.0380132711084365,1
2.825,21.56,23.95,0.0450506350020185,1
2.71,19.37,21.75,0.0371542418672205,1
1.75,16.76,17.8,0.0248845554090848,1
2.4,18.56,19.9,0.0311025526687023,1
2.825,20.14,25.6,0.0514718540364152,1
2.07,17.98,20.4,0.0326851299679482,1
1.85,16.02,13.45,0.0142080491254007,1
1.85,18.23,16.5,0.0213824649984955,1
2.07,18.4,19.4,0.0295592452776264,1
2.265,17.51,19.75,0.0306354371110217,1
2.07,17.58,19.5,0.029864765163188,1
2.055,17.59,22.5,0.0397607820219958,1
1.37,17.16,14.85,0.0173197966487814,1
1.85,16.92,15.45,0.0187476505098379,1
2.945,19.68,25,0.0490873852123405,1
1.71,14.74,15.5,0.0188691908756237,1
2.8,18.35,20.2,0.0320473866592695,1
2.5,18.16,22.4,0.0394081382466304,1
3.045,18.65,22.45,0.0395842637847722,1
2.07,15.87,17.7,0.0246057390610787,1
1.925,14.75,16.85,0.0222992210047212,1
2.86,16.92,22.15,0.0385334010421464,1
1.75,14.65,13.05,0.0133755270721994,1
1.595,14.72,13.25,0.0137886465061465,1
2.485,13.96,13.7,0.0147411381288067,1
2.945,18.26,27.55,0.0596119169514072,1
2.71,15.37,17.9,0.0251649425534176,1
2.07,16.37,17.25,0.0233705040995953,1
3.175,18.43,24.25,0.0461863207462912,1
1.85,16.61,17.8,0.0248845554090848,1
2.485,18.81,23.2,0.0422732707467042,1
1.37,13.8,12.35,0.0119790891376787,1
2.07,17.91,21.05,0.0348011889696818,1
2.8,16.25,22.95,0.0413671176156844,1
2.5,17.08,21.35,0.0358002154335233,1
2.155,14.57,17.4,0.0237787147950211,1
1.595,14.09,13.9,0.0151746779150021,1
3.785,20.57,27.75,0.0604805673201248,1
3.175,20.32,28.15,0.0622367176134814,1
3.83,21.89,33.35,0.0873537508789319,1
2.8,19.69,29.35,0.0676559649409239,1
2.5,21.09,25.45,0.0508704353927936,1
2.71,22.06,24.25,0.0461863207462912,1
3.89,21.41,29.4,0.0678866756514218,1
3.965,22.56,29.45,0.0681177790610015,1
3.175,22.18,27,0.057255526111674,1
1.5,18.05,13.05,0.0133755270721994,1
3.08,16.97,25.2,0.0498759249683916,1
3.41,18.63,29,0.0660519855417254,1
2.265,19.5,20.35,0.032525105092156,1
3.1,19.66,28.4,0.0633470742669846,1
2.8,17.92,26.05,0.0532973157176917,1
3.27,16.89,19.8,0.0307907495978336,1
1.595,14.84,16.2,0.0206119894002026,1
2.945,18.23,19.3,0.0292552961883916,1
2.4,18.74,21.4,0.0359680942909495,1
1.83,15.6,13.85,0.0150657039198307,1
2.265,16.77,18.45,0.02673514983159,1
3.1,16.91,18.2,0.0260155287643771,1
2.75,17.85,23.75,0.0443013651541373,1
1.15,15.04,11.5,0.0103868907109313,1
1.595,15.18,13.7,0.0147411381288067,1
2.825,18.16,27.25,0.0583207223707818,1
2.31,19.61,24.3,0.0463769761504559,1
2.07,16.66,19.05,0.0285022956992343,1
2.02,15.62,16.95,0.0225646855839495,1
2.155,19.01,22.5,0.0397607820219958,1
2.31,16.69,18.25,0.0261586675796563,1
3.1,19.75,27.7,0.0602628156793228,1
2.515,20.95,25.35,0.0504714531257877,1
3.175,18.3,30.05,0.0709216505043304,1
0.75,7.84,6.9,0.00373928065593525,1
1.665,18.7,19.55,0.0300181141545913,1
2.265,18.39,18.55,0.027025747152047,1
2.71,18.73,26.45,0.0549466518608263,1
3.045,19.42,26.25,0.0541188421966054,1
3.43,19.83,23.55,0.0435583784915633,1
2,17.09,17.8,0.0248845554090848,1
2.61,18.69,24.75,0.0481105462466149,1
4.06,21.64,33.4,0.0876158775159657,1
2.265,19.42,20.75,0.0338162996727814,1
3,17.54,25.2,0.0498759249683916,1
2.265,19.53,23.05,0.0417284007708473,1
3.855,21.15,27.4,0.0589645525152268,1
2.07,19.04,22.5,0.0397607820219958,1
2.4,21.44,24.55,0.0473361436575051,1
4.06,22.02,37.2,0.108686539443593,1
4.625,18.87,33.95,0.0905251886627308,1
4.375,19.77,36.4,0.104062115057508,1
1.83,18.9,16.25,0.0207394202522139,1
2.75,19.23,21.05,0.0348011889696818,1
4.06,25.44,30.1,0.0711578590019722,1
2.4,18.78,19.2,0.0289529178954835,1
3.725,23.17,30.8,0.0745060113725355,1
3.1,20.57,24.95,0.048891232021032,1
2.75,21.16,24.45,0.0469512985574403,1
2.555,19.92,24.4,0.0467594650560305,1
2.265,20.27,18.9,0.0280552077947202,1
2.75,21.56,26.6,0.0555716324493499,1
3.38,21.52,29.15,0.0667370490897488,1
0.605,10.29,7.3,0.004185386812745,1
2.75,20.41,19.75,0.0306354371110217,1
1.85,18.64,17.1,0.0229658276959048,1
1.71,18.38,16.4,0.0211240690027378,1
2.5,19.75,20.2,0.0320473866592695,1
2.75,20.24,23.1,0.0419096313970512,1
2.75,19.57,25.05,0.0492839311027307,1
2.555,19.79,23.95,0.0450506350020185,1
2.155,19.79,24.1,0.0456167107282872,1
2.71,19.91,22.65,0.0402926929281567,1
2.155,19.52,25.65,0.0516731123157858,1
3.1,22.1,28.8,0.065144065264838,1
3.94,24,34.1,0.0913268838380187,1
2.825,21.83,28.65,0.0644672483975302,1
2.75,22.7,24.8,0.0483051286415967,1
2.4,18.57,21.95,0.0378406798620299,1
2.31,22.39,22.15,0.0385334010421464,1
2.265,20.53,21,0.0346360590058275,1
2.8,21.21,29.1,0.0665083018746593,1
2.055,20.77,22.45,0.0395842637847722,1
2.5,22.35,26.1,0.0535021082887976,1
2.31,20.76,24.6,0.04752915525616,1
1.5,18.18,17.1,0.0229658276959048,1
2.75,21.65,27.35,0.0587495497679968,1
3.045,20.2,25.25,0.0500740416551086,1
2.75,21.01,23.9,0.0448627284914256,1
2.555,18.54,22.35,0.0392324054075702,1
2.385,20.12,20.45,0.0328455475428221,1
2.71,19.6,24.35,0.0465680242537024,1
2,17.76,19.75,0.0306354371110217,1
2.825,18.06,24,0.045238934211693,1
1.5,18.68,16.95,0.0225646855839495,1
2.07,17.28,19.9,0.0311025526687023,1
2.07,17.67,20.65,0.0334911448331348,1
2.555,17.31,18.8,0.0277591126871194,1
2.07,18.76,16.15,0.0204849512472731,1
2.25,20.35,20.75,0.0338162996727814,1
2.31,17.92,25.3,0.0502725510409073,1
3.38,19.9,24.1,0.0456167107282872,1
2.31,16.51,19.65,0.0303259902346431,1
2.75,19.67,23.15,0.0420912547223369,1
3.165,19.88,23.55,0.0435583784915633,1
2.31,18.47,24.35,0.0465680242537024,1
2.555,19.44,23.2,0.0422732707467042,1
4.035,20.71,31.7,0.0789238760416462,1
1.5,18.42,20.5,0.0330063578167778,1
2.265,17.28,18.1,0.0257304292310638,1
3.1,17.52,19.5,0.029864765163188,1
2.555,19.2,28.95,0.065824416423881,1
2.055,17.81,20.8,0.0339794661412272,1
2.8,16.08,22.4,0.0394081382466304,1
2.555,18.24,19.9,0.0311025526687023,1
2.4,17.62,18.65,0.0273179152688309,1
2.055,16.63,14.25,0.0159484914554894,1
2.825,18.76,22.65,0.0402926929281567,1
2.75,22.02,26.35,0.0545319616305525,1
2.825,20.94,26.15,0.0537072935589852,1
2.8,23.06,25.7,0.0518747632942381,1
0.605,13.17,19.8,0.0307907495978336,1
2.71,21.75,25.05,0.0492839311027307,1
2.945,22.28,25.35,0.0504714531257877,1
3.34,23.51,31.25,0.0766990393942821,1
2.555,22.8,26.4,0.0547391103961486,1
2.4,22.02,26.8,0.0564104376878583,1
2.555,21.82,24.65,0.0477225595538966,1
2.945,21.04,25.4,0.0506707479097498,1
2,20.41,25,0.0490873852123405,1
4.035,22.49,31.3,0.0769446726698846,1
2.8,20.93,28.1,0.0620158243800259,1
2.76,19.17,21.8,0.0373252623173003,1
3.54,23.96,36.25,0.103206227408946,1
2.07,10.28,12.9,0.0130698108370969,1
2.07,10.75,12.4,0.0120762821603992,1
1.5,12.96,17.15,0.0231003271313866,1
3.5,13.86,22.05,0.0381862550539248,1
1.665,11.6,16.1,0.0203583057934253,1
2.4,11.71,20.05,0.0315732025181183,1
1.71,9.29,13.65,0.0146337349299621,1
2.07,11.73,14.5,0.0165129963854313,1
3.73,14.8,18.05,0.0255884685130297,1
2.265,13.87,16.7,0.0219039693789914,1
2.485,14.37,13.95,0.0152840446092552,1
1.595,10.23,12.65,0.0125681377602268,1
1.595,11.07,12.3,0.01188228881404,1
1.595,11.06,16.1,0.0203583057934253,1
1,9.77,11.9,0.0111220233918713,1
2.07,9.09,11.9,0.0111220233918713,1
2.31,10.32,14.6,0.01674154725098,1
2.265,10.64,16.8,0.0221670777637296,1
2.515,11.51,17.9,0.0251649425534176,1
1.5,10.2,14.9,0.0174366246255867,1
2.07,11.79,11.7,0.0107513154587477,1
2.31,11.18,15.2,0.0181458391671346,1
2.155,9.7,17.85,0.0250245526317104,1
5.555,13.56,23.55,0.0435583784915633,1
2.62,13.49,17.9,0.0251649425534176,1
4.86,14.73,23.5,0.0433736135736241,1
1.85,10.9,12.8,0.0128679635091038,1
1.595,10.12,10.55,0.00874167790815445,1
3.855,14.37,26.7,0.0559902496704407,1
1.75,10.01,8.6,0.00580880481648753,1
2.75,12.3,19.5,0.029864765163188,1
1.37,10.06,10.35,0.00841338147585432,1
1.75,10.76,11,0.00950331777710912,1
1.15,10.62,11.5,0.0103868907109313,1
3.65,14.69,18.85,0.027906963891379,1
2.75,18.87,25.75,0.0520768069717721,1
2.8,18.99,23,0.041547562843725,1
2.5,18.58,24.6,0.04752915525616,1
2.555,18.37,21.95,0.0378406798620299,1
2.37,17.27,20.3,0.0323654729154454,1
2.5,18.28,19.8,0.0307907495978336,1
1.04,13.28,17.35,0.0236422518641308,1
3.605,19.42,25.1,0.0494808696922026,1
2.37,17.65,20.85,0.0341430253087547,1
2.75,18.68,24.05,0.0454276261204493,1
2.265,17.78,20.15,0.031888932579804,1
2.75,18.78,23.35,0.0428216750142965,1
2.155,18.2,17.8,0.0248845554090848,1
2.515,18.67,25.1,0.0494808696922026,1
2.31,17.48,24.25,0.0461863207462912,1
2.62,19.74,22.8,0.040828138126053,1
2.725,18.79,24.5,0.0471435247579318,1
1.595,16.45,15.35,0.0185057478755115,1
2.5,18.83,23.25,0.0424556794701533,1
1.925,17.24,19.05,0.0285022956992343,1
3.1,20.35,27.55,0.0596119169514072,1
2.555,16.8,16.8,0.0221670777637296,1
2.385,18.48,23.55,0.0435583784915633,1
2.75,19.46,24,0.045238934211693,1
2.07,17.09,20.95,0.0344713217410549,1
2.31,19.46,18.85,0.027906963891379,1
1.5,15.62,13.6,0.0145267244301992,1
2.4,15.13,18.75,0.0276116541819415,1
1.71,15.46,15.85,0.0197309690104115,1
2.02,15.18,17.85,0.0250245526317104,1
1.85,10.86,14.95,0.0175538453014738,1
2.945,13.56,18.2,0.0260155287643771,1
2.02,16.26,17.8,0.0248845554090848,1
2.07,14.57,18.2,0.0260155287643771,1
1.28,13.52,14.15,0.0157254383770846,1
1.85,14.61,13.65,0.0146337349299621,1
3.785,15.59,27.1,0.057680426518072,1
2.07,15.89,17.6,0.0243284935093994,1
2.75,15.32,19.8,0.0307907495978336,1
1.85,14.35,15.55,0.0189911239404911,1
2.8,16.4,21.75,0.0371542418672205,1
1.71,11.22,13.35,0.0139975624176102,1
2.825,13.41,18.2,0.0260155287643771,1
2.37,15.53,22.05,0.0381862550539248,1
2.205,13.94,20.05,0.0315732025181183,1
3.73,15.68,23,0.041547562843725,1
2.75,16.57,25,0.0490873852123405,1
2.75,13.67,16.8,0.0221670777637296,1
2.75,14.13,20.9,0.0343069771753639,1
3.165,13.06,17.5,0.0240528187540468,1
4,14.19,21.95,0.0378406798620299,1
1.15,6.31,4.6,0.001661902513749,1
5.025,21,34.05,0.091059259413841,1
4.615,20.73,39.4,0.121922069293166,1
2.75,12.23,13.4,0.0141026094219646,1
4.5,22,37,0.107521008569111,1
1.85,9.03,8.75,0.00601320468851171,1
2.07,9.95,9.55,0.00716302759972558,1
1.25,9.21,5.05,0.00200296166620434,1
3.605,19.74,33.7,0.0891968840188848,1
1.83,10.38,10.5,0.00865901475145687,1
2.75,10.22,11.75,0.010843403393406,1
4.375,19.77,29.45,0.0681177790610015,1
2.07,12.63,11.65,0.010659620223171,1
3.34,20.65,28.1,0.0620158243800259,1
1.85,10.54,10.45,0.00857674429384098,1
1.85,9.18,8.5,0.00567450173054657,1
2.725,20.02,23.2,0.0422732707467042,1
2.555,20.51,20.4,0.0326851299679482,1
1.85,19.45,16.75,0.0220353272218197,1
4.39,21.23,23.85,0.0446752146799145,1
2.75,17.22,18.15,0.0258727826481796,1
2.31,20.1,20.35,0.032525105092156,1
2.825,21.36,28.75,0.0649180669433203,1
2.31,15.64,13.75,0.014848934026733,1
3,19.66,23.6,0.0437435361085843,1
3.045,20.52,22.7,0.0404707819617071,1
3.27,19.97,21.65,0.036813379064306,1
2.8,21.06,24.55,0.0473361436575051,1
3.29,21.31,24.75,0.0481105462466149,1
2.62,20.66,20.35,0.032525105092156,1
3.45,20.7,24.65,0.0477225595538966,1
2.945,21.56,21.15,0.0351326269946355,1
2.555,21.11,19.2,0.0289529178954835,1
3.38,20.05,28.3,0.0629017535083383,1
1.37,19.29,14.15,0.0157254383770846,1
1.28,19.44,14.95,0.0175538453014738,1
3.585,24.37,35.5,0.0989798035421634,1
1.77,12.65,16.95,0.0225646855839495,1
6.26,24.5,42.75,0.143536423099405,1
2.07,15.67,16.8,0.0221670777637296,1
2.61,15.04,19.2,0.0289529178954835,1
5.62,22.14,29.85,0.0699807435045803,1
5.405,25.5,49.1,0.18934457463002,1
2.825,20.6,12.3,0.01188228881404,1
4.13,22.2,38.05,0.113710142446223,1
4.25,22.22,36.9,0.10694059932636,1
4.55,21.62,39.15,0.120379743649795,1
4.13,25.59,37.65,0.111331956807456,1
3.73,16.03,27.65,0.0600454567376026,1
1.925,7.39,9.15,0.00657554977350429,1
0.955,6.86,3.5,0.000962112750161874,1
2.265,12.25,18.4,0.026590440219984,1
2.055,8.86,12.3,0.01188228881404,1
2.155,10.7,14.6,0.01674154725098,1
1.37,7.93,10.55,0.00874167790815445,1
2.07,10.58,14.1,0.0156145008865047,1
2.07,9.55,12.4,0.0120762821603992,1
2.02,11.48,11.9,0.0111220233918713,1
1.37,9.25,10.15,0.00809136822886136,1
1.15,9.39,7.6,0.00453645979178366,1
0.81,8.18,7.25,0.00412824909635784,1
1.37,8.89,8.7,0.00594467869875529,1
1.85,10.81,12.95,0.0131713235497161,1
1.71,11.45,14.15,0.0157254383770846,1
1.75,10.01,10.9,0.00933131557932508,1
1.83,11.99,14.75,0.0170873187924157,1
1.85,11.13,12.9,0.0130698108370969,1
2.265,11.45,13.35,0.0139975624176102,1
1.83,11.11,13.45,0.0142080491254007,1
0.605,9.43,7.3,0.004185386812745,1
1.5,11.41,14.75,0.0170873187924157,1
2.07,11.8,11.65,0.010659620223171,1
1.595,11.1,11.65,0.010659620223171,1
2.02,11.05,14.95,0.0175538453014738,1
1.71,11.87,13.8,0.014957122623741,1
2.07,11.43,14.4,0.0162860163162095,1
0.75,9.95,9.3,0.00679290871522453,1
2.07,10.59,16,0.0201061929829747,1
1.595,10.46,14.4,0.0162860163162095,1
2.25,11.97,16,0.0201061929829747,1
1.31,10.5,12.4,0.0120762821603992,1
2.555,13.34,13.95,0.0152840446092552,1
1.15,10.73,10.7,0.00899202357273739,1
2.75,11.47,19.45,0.0297118088708663,1
2.055,12.71,15.7,0.0193592793295837,1
1.04,8.64,9.5,0.00708821842466197,1
1.5,9.39,9.7,0.00738981131940659,1
2.055,10.6,12.7,0.0126676869774374,1
1.71,8.67,10.65,0.00890818231879471,1
1.37,9.55,9.1,0.00650388219109427,1
2.4,11.33,17.65,0.0244669199356982,1
1.04,8.53,9,0.00636172512351933,1
1.595,8.2,8.75,0.00601320468851171,1
1.15,7.19,6.25,0.00306796157577128,1
3.08,19.76,18.3,0.0263021990940171,2
1.77,11.68,8.75,0.00601320468851171,2
2.31,15.23,23.35,0.0428216750142965,2
2.07,16.01,24.55,0.0473361436575051,2
4.9,27.34,50.1,0.197135724410923,2
3.045,23.79,25.65,0.0516731123157858,2
3.045,27.27,35.1,0.096761839128729,2
2.485,22.53,22.4,0.0394081382466304,2
2.555,24.56,26.25,0.0541188421966054,2
1.595,13.26,12.8,0.0128679635091038,2
4,28.28,41.45,0.134939454802856,2
2.825,21.03,25.6,0.0514718540364152,2
2.5,23.36,22.3,0.0390570652675917,2
2.31,20.18,17.3,0.0235061816323222,2
3.29,27.42,37.85,0.112517908034186,2
4.625,27.49,46.2,0.167638525588205,2
3.5,19.89,25.8,0.0522792433483877,2
2,9.83,11.75,0.010843403393406,2
2.825,18.55,22.95,0.0413671176156844,2
2.265,17.12,17.5,0.0240528187540468,2
1.37,15.4,18.1,0.0257304292310638,2
2.75,19.49,21.9,0.037668481314705,2
1.71,16.25,17.95,0.0253057251742066,2
3.1,19.21,25.35,0.0504714531257877,2
1.925,17.47,23,0.041547562843725,2
2.8,18.72,20.85,0.0341430253087547,2
2.825,20.6,27.3,0.0585349397198484,2
2.5,20.26,25.2,0.0498759249683916,2
1.37,16.84,15.15,0.0180266549958391,2
3.805,16.69,24.15,0.0458061880352068,2
3.45,19.63,24.35,0.0465680242537024,2
2.5,19.79,24.6,0.04752915525616,2
2.555,19.52,25.1,0.0494808696922026,2
1.85,10.33,10.25,0.00825158945419444,2
3.3,19.77,26.5,0.0551545860245858,2
3.08,21.05,26.75,0.0562001473296087,2
2.4,17.85,21.7,0.0369836141162224,2
1.525,16.42,18.75,0.0276116541819415,2
2.25,17.13,20.55,0.0331675607898151,2
1.665,9.28,11.7,0.0107513154587477,2
3.65,20.78,26,0.0530929158456675,2
2.555,20.34,26.5,0.0551545860245858,2
2.31,18.52,20.15,0.031888932579804,2
3.175,20.5,24.4,0.0467594650560305,2
2.725,18.06,20.25,0.0322062334378166,2
2.155,18.79,19.85,0.0309464547837271,2
1.5,17.57,17.25,0.0233705040995953,2
2.555,16.59,21.3,0.0356327292751788,2
1.85,11.18,11.35,0.0101176954904268,2
2.4,15.02,18.85,0.027906963891379,2
1.71,13.18,14.05,0.0155039560950065,2
1.71,15.75,17.5,0.0240528187540468,2
2.61,16.4,22.7,0.0404707819617071,2
2.155,13.4,19.45,0.0297118088708663,2
2.485,14.5,13.4,0.0141026094219646,2
1.5,12.54,10.15,0.00809136822886136,2
1.665,16.01,16.65,0.0217730042352449,2
2.265,16.26,18.85,0.027906963891379,2
1.85,14.2,15.1,0.0179078635236252,2
2.055,15.56,16.85,0.0222992210047212,2
2.385,17.06,19.65,0.0303259902346431,2
2.31,14.27,16.3,0.0208672438033068,2
1.595,13.81,16.25,0.0207394202522139,2
1.71,15.37,15.85,0.0197309690104115,2
2.02,15.22,17.3,0.0235061816323222,2
2.8,17.3,21.25,0.035465635815916,2
2.055,16.48,15.65,0.0192361681674712,2
2.825,15.92,15.1,0.0179078635236252,2
3.25,17.31,24.05,0.0454276261204493,2
2.07,16.73,20.3,0.0323654729154454,2
2.8,16.18,23.95,0.0450506350020185,2
1.15,14.86,15.8,0.0196066797510539,2
1.37,15.59,15.45,0.0187476505098379,2
0.955,12.24,11.05,0.00958990792462369,2
2.31,18.1,22.45,0.0395842637847722,2
1.525,14.81,18.95,0.0282038443971432,2
2.155,13,13.3,0.0138929081123375,2
2.25,20.56,23.4,0.0430052618349907,2
1.595,11.73,13.9,0.0151746779150021,2
1.04,14.61,14.15,0.0157254383770846,2
2.25,14.44,15.75,0.019482783190778,2
2.485,16.69,16.3,0.0208672438033068,2
2.555,18.61,20.35,0.032525105092156,2
2.555,16.69,19.4,0.0295592452776264,2
2.31,18.83,20.45,0.0328455475428221,2
2.825,18.67,23.25,0.0424556794701533,2
2.265,16.91,21.65,0.036813379064306,2
1.71,12.98,15.9,0.0198556509688509,2
2.71,16.97,20.15,0.031888932579804,2
1.595,13.64,12.95,0.0131713235497161,2
3.1,14.35,16.55,0.021512252044997,2
1.85,19.9,24.4,0.0467594650560305,2
1.5,13.31,15.35,0.0185057478755115,2
4.625,21.7,15.7,0.0193592793295837,2
2.945,20.57,25.6,0.0514718540364152,2
3.1,22.3,5.65,0.0025071872871055,2
4.28,24.88,32.95,0.0852708749496018,2
2.02,16.83,5.55,0.00241922269280499,2
2.07,19.15,17.8,0.0248845554090848,2
2.155,15.85,20.05,0.0315732025181183,2
2.75,15.7,21.05,0.0348011889696818,2
2.07,14.61,19.6,0.0301718558450764,2
2.055,14.38,18.35,0.0264461233074597,2
1.71,14.97,18.15,0.0258727826481796,2
2.31,14.6,19.65,0.0303259902346431,2
1.83,15.28,18.9,0.0280552077947202,2
2.25,17.06,23.65,0.0439290864246869,2
1.83,10.85,12.7,0.0126676869774374,2
1.25,9.34,10.7,0.00899202357273739,2
2.07,14.71,16.35,0.0209954600534814,2
2.485,16.41,23.3,0.0426384808926841,2
2.945,13.92,19,0.0283528736986479,2
2.4,16.02,23.3,0.0426384808926841,2
2.07,14.61,20.3,0.0323654729154454,2
2.5,15.04,21.9,0.037668481314705,2
2.31,14.95,19.8,0.0307907495978336,2
2.555,16.22,21.25,0.035465635815916,2
2.37,12.87,19.65,0.0303259902346431,2
2.055,14.98,18.4,0.026590440219984,2
2.515,17.03,19.1,0.0286521103989023,2
2.07,14.64,20.55,0.0331675607898151,2
1.83,12.21,15.7,0.0193592793295837,2
2.31,14.01,18,0.0254469004940773,2
2.825,23.68,29.4,0.0678866756514218,2
3.08,28.03,36.8,0.106361760879936,2
2.155,20.53,22.35,0.0392324054075702,2
2.825,22.79,28.7,0.0646924613208844,2
2.945,25.76,35.4,0.0984229562443146,2
2.485,20.76,25.6,0.0514718540364152,2
3.1,25.2,37.85,0.112517908034186,2
3.175,26.17,33.05,0.0857892377374441,2
2.555,23.02,26.15,0.0537072935589852,2
2.485,24.85,28.45,0.0635703236949303,2
2.61,21.33,21.9,0.037668481314705,2
1.83,21.9,20.85,0.0341430253087547,2
2.515,23.51,26.15,0.0537072935589852,2
2.37,21.77,24.65,0.0477225595538966,2
3.38,24.9,29,0.0660519855417254,2
1.925,18.68,20.45,0.0328455475428221,2
3.51,23.7,26.4,0.0547391103961486,2
3.1,22.35,28.2,0.0624580035460187,2
3.1,25.34,28.45,0.0635703236949303,2
3.1,23.62,31.25,0.0766990393942821,2
1.595,17.07,18.55,0.027025747152047,2
2.945,23.22,24.55,0.0473361436575051,2
2.86,26.1,29.85,0.0699807435045803,2
2.75,26.42,26.9,0.0568321965016027,2
2.07,19.53,22.6,0.0401149965936881,2
3.27,26.58,35.15,0.0970377102336224,2
2.265,21.01,26.7,0.0559902496704407,2
2.825,25.14,29.05,0.0662799473586515,2
3.89,26.36,31.95,0.0801736408691524,2
2.31,22.65,24.2,0.0459960580412082,2
2.71,22.58,22.15,0.0385334010421464,2
1.75,22.28,24,0.045238934211693,2
2.37,22.44,21.85,0.0374966754664618,2
2.4,16.79,17.05,0.0228317209595047,2
2.5,23.33,27.3,0.0585349397198484,2
3.34,25.38,29.65,0.0690461196901373,2
2.825,24.25,28.7,0.0646924613208844,2
2.61,24.58,26.5,0.0551545860245858,2
2.5,23.08,25.35,0.0504714531257877,2
2.555,24.99,31.2,0.0764537988177612,2
2.485,24.87,29.5,0.0683492751696629,2
3.94,25.66,31.9,0.0799229025054877,2
2.825,24.87,34.2,0.0918633107836191,2
2,20.53,22.05,0.0381862550539248,2
3.41,25.02,30.65,0.0737820706154239,2
2.945,25.04,24.4,0.0467594650560305,2
2.37,22.7,25.45,0.0508704353927936,2
2.825,26.92,31.05,0.0757204332826888,2
3.08,25.12,32.4,0.0824479576008105,2
2.71,24.47,25.5,0.0510705155749191,2
2.76,23.88,27.25,0.0583207223707818,2
2.8,26.48,31.75,0.079173043608984,2
2.725,25,26.15,0.0537072935589852,2
3.08,26.51,33.65,0.0889324011873607,2
3.1,26.48,32.75,0.0842388617628976,2
3.045,28.97,34.95,0.0959365820085392,2
2.265,24.4,26.1,0.0535021082887976,2
2.555,23.8,25,0.0490873852123405,2
2.61,21.76,20.45,0.0328455475428221,2
2.725,26.48,35.6,0.099538221636339,2
2.4,17.76,20.85,0.0341430253087547,2
2.4,18.34,20.95,0.0344713217410549,2
2.4,15.17,19,0.0283528736986479,2
2.265,14.29,16.4,0.0211240690027378,2
2.385,16.39,19.8,0.0307907495978336,2
3.165,17.72,25.25,0.0500740416551086,2
2.8,18.15,23.85,0.0446752146799145,2
2.25,15.09,19.25,0.0291039106923967,2
2.055,17.75,19.85,0.0309464547837271,2
1.85,12.36,13.85,0.0150657039198307,2
2.055,13.68,16.5,0.0213824649984955,2
2.055,15.96,18.05,0.0255884685130297,2
2.555,16.32,19.05,0.0285022956992343,2
2.07,15.75,17.65,0.0244669199356982,2
2.055,16.87,19.1,0.0286521103989023,2
3.65,20.27,32.55,0.0832131317615005,2
2.485,17.1,19,0.0283528736986479,2
2.07,17.73,18.85,0.027906963891379,2
2.485,15.63,24.75,0.0481105462466149,2
2.31,16.43,18.4,0.026590440219984,2
2.945,18.59,37.8,0.112220831178881,2
2.8,19.76,24.85,0.0485001037356601,2
2.155,15.34,18.55,0.027025747152047,2
2.07,14.78,19.55,0.0300181141545913,2
2.555,16.43,24.4,0.0467594650560305,2
2.75,18.29,22.9,0.0411870650867256,2
1.71,17.01,19.15,0.0288023177976521,2
2.515,17.68,21.6,0.0366435367114714,2
2.71,18.51,22.9,0.0411870650867256,2
2.4,17.31,26.3,0.0543252055640381,2
2.31,17.08,21.3,0.0356327292751788,2
2.385,16.81,24,0.045238934211693,2
3.785,20.75,34.8,0.0951148591800846,2
2.485,16.91,21.2,0.0352989350557349,2
1.83,13.56,15.4,0.0186265028431339,2
2.5,16.62,24.8,0.0483051286415967,2
3.165,20.24,25.7,0.0518747632942381,2
3.34,22.81,27.1,0.057680426518072,2
2.61,20.53,24.3,0.0463769761504559,2
2.515,17.84,21.3,0.0356327292751788,2
2.31,20.25,26.35,0.0545319616305525,2
2.055,17.16,18,0.0254469004940773,2
2.71,16.68,18.05,0.0255884685130297,2
2.265,17.26,21.85,0.0374966754664618,2
1.85,17.23,17.9,0.0251649425534176,2
2.555,19.74,24.75,0.0481105462466149,2
2.07,18.94,22.2,0.0387075630848798,2
1.37,3.38,4.8,0.00180955736846772,2
2.86,18.27,29.75,0.0695126461991954,2
3.41,18.47,35.1,0.096761839128729,2
4.965,24.65,43,0.145220120412188,2
3.605,16.75,26.95,0.0570436649570975,2
2.555,14.98,21.65,0.036813379064306,2
3.38,21.5,28.85,0.0653704562854373,2
3.585,24.09,36.95,0.107230607598194,2
2.155,13.07,17.8,0.0248845554090848,2
2.485,18.3,21.35,0.0358002154335233,2
2.75,17.45,23.1,0.0419096313970512,2
2.055,16.75,19.55,0.0300181141545913,2
3.65,17.48,19.55,0.0300181141545913,2
3.605,18.45,25.8,0.0522792433483877,2
2.055,17.89,21.4,0.0359680942909495,2
2.265,18.07,19,0.0283528736986479,2
3.08,16.55,22.25,0.0388821178266949,2
2.75,18.59,18.7,0.0274645883758454,2
2.265,18.7,20.3,0.0323654729154454,2
2.485,17.47,22.1,0.0383596316984948,2
1.71,15.65,16.35,0.0209954600534814,2
4,21.53,25.15,0.0496782009807562,2
3,19.79,23.85,0.0446752146799145,2
1.83,11.24,11.3,0.010028749148422,2
1,8.59,11.6,0.0105683176866761,2
1.595,4.7,7.25,0.00412824909635784,2
3.175,22.96,37.4,0.109858353503381,2
3.1,22.47,34.55,0.0937531751142942,2
3.585,23.61,35.45,0.0987011835436982,2
2.31,16.87,18.7,0.0274645883758454,2
2.31,17.91,22.85,0.0410074052568484,2
5.18,21.74,23.1,0.0419096313970512,2
1.15,16.12,16.55,0.021512252044997,2
2.25,14.91,17.1,0.0229658276959048,2
3.5,23.25,34.65,0.0942966706433653,2
3.1,19.01,23.2,0.0422732707467042,2
2.8,22.1,34.7,0.0945690074565234,2
1.28,15.79,15.85,0.0197309690104115,2
1.25,15.88,23.6,0.0437435361085843,2
3.045,17.09,22.75,0.0406492636943392,2
2.515,16.69,18.25,0.0261586675796563,2
2.725,13.07,20.95,0.0344713217410549,2
2,11.55,13.4,0.0141026094219646,2
1.665,8.56,13.1,0.0134782178820636,2
1.37,8.65,9.15,0.00657554977350429,2
2.8,20.11,23.7,0.0441150294398713,2
2.07,11.64,15.8,0.0196066797510539,2
1.31,11.92,13.85,0.0150657039198307,2
2.8,14.81,21.15,0.0351326269946355,2
2.02,18.86,28,0.06157521601036,2
3.785,21.81,40.45,0.128507043844631,2
2.4,14.63,21.05,0.0348011889696818,2
2.07,14.17,19.55,0.0300181141545913,2
2.485,15.62,18.6,0.0271716348608981,2
1.28,15.77,16.75,0.0220353272218197,2
1.85,13,15.8,0.0196066797510539,2
1.5,13.77,12.7,0.0126676869774374,2
2,13.57,17.15,0.0231003271313866,2
1.5,12.21,14.35,0.0161731153302211,2
1.04,10.77,11.3,0.010028749148422,2
0.955,10.34,12.45,0.0121738678822013,2
1.665,9.67,7.05,0.00390362522162617,2
2.31,11.67,11.1,0.00967689077121996,2
2.485,13.25,14.45,0.0163993100012796,2
2.155,11.39,13.15,0.0135813013910095,2
1.31,10.52,12.1,0.011499014510302,2
2.02,13.14,16.4,0.0211240690027378,2
2.07,11.05,11.75,0.010843403393406,2
1.85,13.65,17.35,0.0236422518641308,2
2.37,11.65,11.8,0.0109358840271461,2
1.595,11.48,13.9,0.0151746779150021,2
2.385,12.08,13.85,0.0150657039198307,2
2.31,12.54,14.95,0.0175538453014738,2
1.595,12.89,16.25,0.0207394202522139,2
1.25,11.94,8,0.00502654824574367,2
1.71,11.77,16.25,0.0207394202522139,2
2.055,12.39,16.35,0.0209954600534814,2
1.595,10.58,16.4,0.0211240690027378,2
0.955,8.58,7.05,0.00390362522162617,2
1.37,11.45,8.15,0.0052168109508267,2
2.5,14.95,24.1,0.0456167107282872,2
1.37,9.94,13.6,0.0145267244301992,2
2.4,12.88,11.9,0.0111220233918713,2
0.955,8.7,8.15,0.0052168109508267,2
2.07,14.1,17.4,0.0237787147950211,2
1.71,12.37,14.1,0.0156145008865047,2
2.31,21.66,6.9,0.00373928065593525,2
2.205,20.7,25.65,0.0516731123157858,2
4.55,22.86,31.6,0.0784267190042156,3
3.27,21.38,22.15,0.0385334010421464,3
2.31,16.71,17.75,0.0247449508855409,3
1.37,8.88,6.6,0.00342119439975928,3
2.155,9.31,6.5,0.00331830724035422,3
2.25,14.14,10.45,0.00857674429384098,3
2.555,12.55,11.5,0.0103868907109313,3
2.4,13.75,11.8,0.0109358840271461,3
2.31,11.49,9.45,0.00701380194868006,3
2.71,14.87,15.1,0.0179078635236252,3
2.8,12,12.8,0.0128679635091038,3
1.595,11.11,9.3,0.00679290871522453,3
3.045,16.01,17.35,0.0236422518641308,3
1.595,12.16,11.4,0.0102070345315132,3
1.37,12.88,11.05,0.00958990792462369,3
4,14.45,19.5,0.029864765163188,3
2.265,14.07,14.95,0.0175538453014738,3
1.31,9.14,7.5,0.00441786466911065,3
1.595,12.6,12.05,0.0114041776820718,3
2.555,13.83,14.1,0.0156145008865047,3
2.07,14.64,13.4,0.0141026094219646,3
2,13.85,12.25,0.011785881189483,3
1.85,11.89,13.75,0.014848934026733,3
1.37,12.54,9.4,0.00693977817177985,3
1.595,12.68,9.75,0.00746619129079699,3
2.07,13.66,14.3,0.0160606070433144,3
3.34,17.08,20.65,0.0334911448331348,3
2.945,15.63,14.65,0.0168564117323769,3
2.4,14.96,15.6,0.0191134497044403,3
1.595,12.9,9.7,0.00738981131940659,3
2.02,14.04,8,0.00502654824574367,3
2.75,15.72,17.2,0.0232352192659501,3
2.055,14.81,11.35,0.0101176954904268,3
1.525,14.67,12.95,0.0131713235497161,3
1.71,13.79,14.5,0.0165129963854313,3
2.825,15.79,12.45,0.0121738678822013,3
1.25,13.82,11.95,0.0112156821228564,3
2.155,14.81,11.7,0.0107513154587477,3
3.045,18.26,18.25,0.0261586675796563,3
2.055,13.97,14.9,0.0174366246255867,3
3.3,17.6,23.15,0.0420912547223369,3
2.25,16,13.55,0.014420106629518,3
1.85,11.77,10.1,0.00801184666481737,3
2.37,15.27,18.75,0.0276116541819415,3
2.02,14.24,11.35,0.0101176954904268,3
1,13.13,10.5,0.00865901475145687,3
1.665,14.59,12.6,0.0124689812420979,3
3.73,16.74,19.3,0.0292552961883916,3
2.485,13.46,11.35,0.0101176954904268,3
2.555,13.85,16.25,0.0207394202522139,3
1.15,13.69,10.4,0.0084948665353068,3
2.71,16.33,13.65,0.0146337349299621,3
4,24.49,28.85,0.0653704562854373,3
3.41,17.57,19.95,0.0312590432527593,3
3.3,17.16,21.75,0.0371542418672205,3
4.41,18.1,22.35,0.0392324054075702,3
3.83,19.26,27.75,0.0604805673201248,3
3.1,19.94,27.25,0.0583207223707818,3
4.28,21.17,36.75,0.106072930705347,3
4.035,19.46,27.95,0.0613555008741495,3
2.555,18.57,19.4,0.0295592452776264,3
1.15,9.61,9.6,0.00723822947387088,3
0.605,8.28,8.65,0.00587654540808056,3
0.75,9.76,8.2,0.00528101725068444,3
2.825,16.92,17.8,0.0248845554090848,3
5.2,14.95,19.65,0.0303259902346431,3
3.29,15.95,16.4,0.0211240690027378,3
1.71,13.9,19.5,0.029864765163188,3
2.07,13.13,24.35,0.0465680242537024,3
4.205,22.38,30.4,0.0725833566685386,3
4.965,17.46,19.7,0.0304805173232916,3
3.045,15.15,14.3,0.0160606070433144,3
2.825,14.68,16.65,0.0217730042352449,3
3.1,17.55,21.25,0.035465635815916,3
1.85,13.77,13.25,0.0137886465061465,3
0.955,4.87,7.05,0.00390362522162617,3
3.1,14.88,15.8,0.0196066797510539,3
2.515,15.47,15.45,0.0187476505098379,3
2.07,13.99,12.9,0.0130698108370969,3
1.665,15.22,12.3,0.01188228881404,3
1.28,10.08,12.35,0.0119790891376787,3
2.8,15.21,16.05,0.0202320530386591,3
1.37,14.23,12.1,0.011499014510302,3
1.925,14.58,12.35,0.0119790891376787,3
2.055,14.5,14.5,0.0165129963854313,3
2.37,15.13,14.4,0.0162860163162095,3
2.75,15.2,17.75,0.0247449508855409,3
1.83,14.04,10.65,0.00890818231879471,3
1.595,12.93,9.35,0.00686614709396134,3
2.4,14.28,11.25,0.00994019550549896,3
2.825,14.79,15.1,0.0179078635236252,3
2.055,13.9,11.95,0.0112156821228564,3
1.595,13.85,14.45,0.0163993100012796,3
1.525,12.54,10.6,0.00882473376393373,3
2.265,14.46,12.8,0.0128679635091038,3
2.86,15.21,15.55,0.0189911239404911,3
2.07,14.09,12.2,0.0116898662640076,3
2.825,14.58,10.9,0.00933131557932508,3
1.83,13.21,13.5,0.0143138815279185,3
1.28,14.33,10.85,0.00924590352905561,3
2.265,13.54,12.6,0.0124689812420979,3
2.71,13.83,15.8,0.0196066797510539,3
2.155,15.1,14.55,0.0166270754686648,3
1.77,15.05,11.6,0.0105683176866761,3
2,13.62,11.6,0.0105683176866761,3
2.31,14.18,13.75,0.014848934026733,3
2.4,14.35,15.45,0.0187476505098379,3
2.055,14.1,13.35,0.0139975624176102,3
0.605,11.31,7.95,0.00496391274221272,3
1.75,12.16,9.05,0.00643260730776595,3
1.5,6.97,5.9,0.00273397100678652,3
1.83,8.7,8.2,0.00528101725068444,3
3.38,13.57,12,0.0113097335529233,3
1.71,12.45,19.35,0.0294070743834681,3
2.61,16.15,18.05,0.0255884685130297,3
2.945,15.98,20.7,0.0336535259034173,3
4.375,16.1,17.75,0.0247449508855409,3
1.595,15.07,13.1,0.0134782178820636,3
1.595,9.5,5.95,0.00278050584796782,3
1.37,12.61,7.7,0.00465662571078347,3
0.955,9.83,5,0.00196349540849362,3
1.595,7.84,6.13,0.00295128282461696,3
1.85,7.13,7.05,0.00390362522162617,3
1.83,11.32,10.9,0.00933131557932508,3
1.83,4.4,3.35,0.000881413088872786,3
0.75,11.69,6.2,0.00301907054009979,3
1.25,8.41,6.55,0.0033695544705159,3
2.515,14.93,7.2,0.00407150407905237,3
3.785,15.93,12.9,0.0130698108370969,3
2.155,20.64,6.25,0.00306796157577128,3
3.585,18.53,16.95,0.0225646855839495,3
2.71,21.53,4.55,0.00162597054777357,3
1.75,21.64,48.75,0.186654782269925,3
1.83,13.35,11.75,0.010843403393406,3
2.265,7.48,7.45,0.00435915615639669,3
0.955,7.94,6.95,0.00379366947875053,3
1.85,18.04,16.4,0.0211240690027378,3
2.485,16.61,15.3,0.0183853856069709,3
3.605,21.74,5.4,0.00229022104446696,3
1,5.51,5,0.00196349540849362,3
2.07,9.72,8.25,0.00534561624962388,3
1.04,4.04,2.35,0.000433736135736241,3
2.055,9.98,9.05,0.00643260730776595,3
1.71,9.12,8.25,0.00534561624962388,3
3.38,15.28,18.6,0.0271716348608981,3
2.5,16.89,16.4,0.0211240690027378,3
2.75,16.83,19.55,0.0300181141545913,3
2.4,15.39,16.85,0.0222992210047212,3
2.555,16.31,17.8,0.0248845554090848,3
3.65,21.63,28.25,0.0626796821776376,3
2.02,15.25,15.6,0.0191134497044403,3
3.175,18.8,23.35,0.0428216750142965,3
3.175,19.98,24.05,0.0454276261204493,3
2.4,16.8,17.8,0.0248845554090848,3
4,18.14,22.7,0.0404707819617071,3
3.045,16.64,17.4,0.0237787147950211,3
4.035,26.93,19.75,0.0306354371110217,3
1.15,5.42,8.4,0.0055417694409324,3
2.725,19.16,19.3,0.0292552961883916,3
0.955,9.15,6.1,0.0029224665660019,3
1.15,6.86,5,0.00196349540849362,3
2.31,15.35,13.05,0.0133755270721994,3
3.29,17.77,23.85,0.0446752146799145,3
2.555,17.71,20.65,0.0334911448331348,3
3.5,19.94,27.85,0.0609172486989737,3
3.45,21.42,27.3,0.0585349397198484,3
3.175,19.42,29.5,0.0683492751696629,3
1.15,4.1,4.25,0.00141862543263664,3
1.37,4.64,5.4,0.00229022104446696,3
3.43,21.84,24,0.045238934211693,3
0.605,3.48,2.4,0.00045238934211693,3
2.485,13.66,10.4,0.0084948665353068,3
4.965,20.23,27.35,0.0587495497679968,3
3.89,20.79,26.2,0.0539128715282544,3
3.54,16.7,20.65,0.0334911448331348,3
2.4,18.91,17.65,0.0244669199356982,3
3.38,18.51,21.65,0.036813379064306,3
3.08,21.54,23.85,0.0446752146799145,3
5.16,25.8,40,0.125663706143592,3
5.25,23.88,35.25,0.0975906305406542,3
3.54,19.62,30.25,0.0718688406893877,3
4.5,24.13,39.25,0.120995495809898,3
4.55,19.17,27.55,0.0596119169514072,3
2.75,17.07,19.35,0.0294070743834681,3
1,4.21,4.35,0.00148616967468882,3
3.3,16.04,17.85,0.0250245526317104,3
2.155,13.87,18.65,0.0273179152688309,3
2.71,12.74,14.65,0.0168564117323769,3
1.85,9.96,9.95,0.00777563816717559,3
1.25,7.65,5.15,0.00208307227887088,3
2.055,12.02,19.1,0.0286521103989023,3
2.555,13.24,16.95,0.0225646855839495,3
4,13.59,19.85,0.0309464547837271,3
2.555,13.02,22.6,0.0401149965936881,3
4.55,13.61,30.65,0.0737820706154239,3
3.045,14.7,25.4,0.0506707479097498,3
1.83,11.55,11.55,0.0104774078492628,3
1.83,10.78,9.5,0.00708821842466197,3
1.5,9.1,8.55,0.0057414569239762,3
1,9.95,7.45,0.00435915615639669,3
1.665,11.05,8,0.00502654824574367,3
1.15,10,6.7,0.00352565235549115,3
3.585,13.84,12.4,0.0120762821603992,3
1.15,11.7,14.15,0.0157254383770846,3
2.155,11.59,12.75,0.0127676288937298,3
1.83,10.63,13.7,0.0147411381288067,3
5.08,20.98,36.1,0.102353874052119,3
3.65,19.93,26.6,0.0555716324493499,3
3.045,23.07,41.95,0.138214565144224,3
5.525,21.43,24.2,0.0459960580412082,3
4.205,19.65,26.1,0.0535021082887976,3
2.4,17.07,17.6,0.0243284935093994,3
4,20.84,26.2,0.0539128715282544,3
4,18.72,26.95,0.0570436649570975,3
2.555,16.39,18.75,0.0276116541819415,3
2.8,17.68,19.75,0.0306354371110217,3
3.165,18.71,26.35,0.0545319616305525,3
3.1,15.96,21.9,0.037668481314705,3
4.28,17.86,28.5,0.0637939658219577,3
2.86,18.28,23.55,0.0435583784915633,3
1.925,7.06,6.15,0.00297057220351,3
1.595,7.55,7.15,0.00401515176082861,3
1.15,4.61,4.1,0.00132025431267111,3
0.955,5.34,4.7,0.00173494454294496,3
2.265,16.09,11.65,0.010659620223171,3
2.825,17.98,7.7,0.00465662571078347,3
0.75,3.48,8.25,0.00534561624962388,3
6.5,22.47,45.05,0.159396753611053,3
3.175,19.36,28.75,0.0649180669433203,3
3.89,18.36,26.4,0.0547391103961486,3
1.83,9.83,6.05,0.00287475362757551,3
1.15,6.99,10.5,0.00865901475145687,3
4.9,21.42,36.4,0.104062115057508,3
4.06,20.71,34.25,0.0921321133050419,3
3.54,20.72,27.8,0.0606987116600084,3
3.165,17.17,21.05,0.0348011889696818,3
4.06,19.14,27.85,0.0609172486989737,3
1.31,7.75,6.05,0.00287475362757551,3
3.34,8.71,9.7,0.00738981131940659,3
1,7.31,6.2,0.00301907054009979,3
1.71,8.55,7.05,0.00390362522162617,3
2.055,9.62,9.55,0.00716302759972558,3
1.75,8.71,7.1,0.00395919214168654,3
1.85,7.02,6,0.00282743338823081,3
1.37,6.28,5.75,0.00259672267773281,3
1,5.95,4.9,0.00188574099031727,3
1.595,4.86,3.7,0.00107521008569111,3
